Workbook
Name Utility: MasterOfficers!$S$3:$S$552
Name Minimum: Settings!$E$4:$E$39
Name Utility: MasterTech!$T$3:$T$200
Name Short: Settings!$D$4:$D$39

Sheet Infos - Start Here!
G2: 1.4-RC M86 | H2: =CONCATENATE("RC - Release Candidate",REPT(" · β",200)) -> RC - Release Candidate · β · β · β · β · β · β · β · β · β · β · β · β · β · β · β · β · β · β · β · β · β · β · β · β · β · β · β · β · β · β · β · β · β · β · β · β · β · β · β · β · β · β · β · β · β · β · β · β · β · β · β · β · β · β · β · β · β · β · β · β · β · β · β · β · β · β · β · β · β · β · β · β · β · β · β · β · β · β · β · β · β · β · β · β · β · β · β · β · β · β · β · β · β · β · β · β · β · β · β · β · β · β · β · β · β · β · β · β · β · β · β · β · β · β · β · β · β · β · β · β · β · β · β · β · β · β · β · β · β · β · β · β · β · β · β · β · β · β · β · β · β · β · β · β · β · β · β · β · β · β · β · β · β · β · β · β · β · β · β · β · β · β · β · β · β · β · β · β · β · β · β · β · β · β · β · β · β · β · β · β · β · β · β · β · β · β · β · β · β · β · β · β · β · β · β · β · β · β · β · β
D4: This spreadsheet attempts to tell you where officer & tech abilities work and where they don't.
E7: ➤ The titles are links to the correct tab.
B8: Join us
D9: ➤ Crew - Does it work? | E9: Build a crew from the captain through below decks to see where those abilities work
D11: ➤ officers search | E11: Select your target, and get a compact list with only applicable officer abilities.
D13: ➤ Sourcing Guide | E13: Imported from Officer Sourcing & Tiering Guide. Available sourcing fixed at ops 70 for simplicity
B14: Try it Yourself
B15: Make A Copy | D15: ➤ FT & CT search | E15: Select your target, and get a compact list with only applicable officer abilities.
D19: ➤ Glossary | E19: Definitions for game code text | I19: ➤ Spocks.club | J19: Powerful tools and calculators that use your game's inventory and buffs to show accurate read outs.
D21: ➤ Officers Compact view | E21: List of ALL officers & all potential targets. Use CTRL+F to check a specific officer
I22: ➤ Officer Tool & Discord | J22: Officer tool combines pre-set crews, ATA planning, buff calculations, and a battle log parcer.
B23: 45663 | D23: ➤ Officers Master Table | E23: Lists all known and exported information about abilities, their values, triggers, conditions, etc.
D25: ➤ Tech Master Table | E25: Lists all known and exported information about abilities, their values, triggers, conditions, etc. | I25: ➤ Charts Index | J25: List of all spreadsheets and charts made by JulesVern, Quasel and BlueMandalorian
D29: Want to dive even deeper? | E29: Create a copy of this sheets to use the tools. | K29: If the definition isn't here, try the ➤ GLOSSARY
D31: ➤ Hidden Tabs | E31: Many tabs are hidden as they serve as intermediate tables or calculations. Others are half-baked ideas. Manipulate @ your own risk. | I31: ✅ Ability works | K31: OA Officer Ability
I32: ✴️ Ability works, if all conditions are met
K33: CM Captain's Manuever
I34: ➖ Ability doesn't work
D35: Caveats / Trick | I35: Quick Legend | K35: BDA Below Deck ability
D37: ➤ Mission Boss | E37: Can have a Faction ID, might affect some officers
I38: Common | J38: Rarty of Officer
D39: ➤ Distraction FREE Editor | E39: Link to view the sheet in a minimal Interface | I39: Uncommon
I40: Rare
I41: Epic
D43: =CONCATENATE("RC - Release Candidate",REPT(" · β",200)) -> RC - Release Candidate · β · β · β · β · β · β · β · β · β · β · β · β · β · β · β · β · β · β · β · β · β · β · β · β · β · β · β · β · β · β · β · β · β · β · β · β · β · β · β · β · β · β · β · β · β · β · β · β · β · β · β · β · β · β · β · β · β · β · β · β · β · β · β · β · β · β · β · β · β · β · β · β · β · β · β · β · β · β · β · β · β · β · β · β · β · β · β · β · β · β · β · β · β · β · β · β · β · β · β · β · β · β · β · β · β · β · β · β · β · β · β · β · β · β · β · β · β · β · β · β · β · β · β · β · β · β · β · β · β · β · β · β · β · β · β · β · β · β · β · β · β · β · β · β · β · β · β · β · β · β · β · β · β · β · β · β · β · β · β · β · β · β · β · β · β · β · β · β · β · β · β · β · β · β · β · β · β · β · β · β · β · β · β · β · β · β · β · β · β · β · β · β · β · β · β · β · β · β · β · β

Sheet Crew - Does it work
G2: ='Infos - Start Here!'!G2 -> 1.4-RC M86 | H2: =CONCATENATE("RC - Release Candidate",REPT(" · β",200)) -> RC - Release Candidate · β · β · β · β · β · β · β · β · β · β · β · β · β · β · β · β · β · β · β · β · β · β · β · β · β · β · β · β · β · β · β · β · β · β · β · β · β · β · β · β · β · β · β · β · β · β · β · β · β · β · β · β · β · β · β · β · β · β · β · β · β · β · β · β · β · β · β · β · β · β · β · β · β · β · β · β · β · β · β · β · β · β · β · β · β · β · β · β · β · β · β · β · β · β · β · β · β · β · β · β · β · β · β · β · β · β · β · β · β · β · β · β · β · β · β · β · β · β · β · β · β · β · β · β · β · β · β · β · β · β · β · β · β · β · β · β · β · β · β · β · β · β · β · β · β · β · β · β · β · β · β · β · β · β · β · β · β · β · β · β · β · β · β · β · β · β · β · β · β · β · β · β · β · β · β · β · β · β · β · β · β · β · β · β · β · β · β · β · β · β · β · β · β · β · β · β · β · β · β · β
D4: Does this crew & tech work? | G4: Try it Yourself Make a Copy
J6: {=IFNA( XLOOKUP(J$10,LCARS_Tech[TechName],LCARS_Tech[Art]), "")} | K6: {=IFNA( XLOOKUP(K$10,LCARS_Tech[TechName],LCARS_Tech[Art]), "")}
C7: ᐅ | D7: 1 - Choose your Target | E7: PvP Station
E9: {=IFNA( XLOOKUP(E$12,LCARS_Off[OfficerName],LCARS_Off[Art]), "")} | F9: {=IFNA( XLOOKUP(F$12,LCARS_Off[OfficerName],LCARS_Off[Art]), "")} | G9: {=IFNA( XLOOKUP(G$12,LCARS_Off[OfficerName],LCARS_Off[Art]), "")}
H10: ᐅ | I10: Select your tech: | J10: [PRO] M-5 Multitronic Unit | K10: Mark VI Photon Torpedo
I11: Ability 1 | J11: =IFERROR(__xludf.DUMMYFUNCTION("FILTER( FILTER(LCARS_Tech[#ALL] , CONDITION_ONE_OF_RANGE( LCARS_Tech[#HEADERS] , E7)), CONDITION_ONE_OF_RANGE( LCARS_Tech[[#ALL],[TechName]] , J10) )"),"➖") -> ➖ | K11: =IFERROR(__xludf.DUMMYFUNCTION("FILTER( FILTER(LCARS_Tech[#ALL] , CONDITION_ONE_OF_RANGE( LCARS_Tech[#HEADERS] , E7)), CONDITION_ONE_OF_RANGE( LCARS_Tech[[#ALL],[TechName]] , K10) )"),"➖") -> ➖
C12: ᐅ | D12: Select your bridge crew: | E12: SESKA | F12: NAGA DELVOS | G12: WOK SCOTTY | I12: Ability 2 | J12: =IFERROR(__xludf.DUMMYFUNCTION("""COMPUTED_VALUE"""),"➖") -> ➖ | K12: =IFERROR(__xludf.DUMMYFUNCTION("""COMPUTED_VALUE"""),"➖") -> ➖
D13: Captain Maneuver "CM" | F13: =IFERROR(__xludf.DUMMYFUNCTION("IFNA( FILTER( FILTER(LCARS_Off[#ALL] , CONDITION_ONE_OF_RANGE( LCARS_Off[#HEADERS] , $E$7)), CONDITION_ONE_OF_RANGE( LCARS_Off[[#ALL],[OfficerName]] ,F12)*( LCARS_Off[[#ALL],[AbilityType]] = ""CM"" ) ), ""⃠"" )"),"➖") -> ➖ | I13: Ability 3 | J13: =IFERROR(__xludf.DUMMYFUNCTION("""COMPUTED_VALUE"""),"➖") -> ➖ | K13: =IFERROR(__xludf.DUMMYFUNCTION("""COMPUTED_VALUE"""),"✅") -> ✅
D14: Officer Ability "OA" | E14: =IFERROR(__xludf.DUMMYFUNCTION("IFNA( FILTER( FILTER(LCARS_Off[#ALL] , CONDITION_ONE_OF_RANGE( LCARS_Off[#HEADERS] , $E$7)), CONDITION_ONE_OF_RANGE( LCARS_Off[[#ALL],[OfficerName]] ,E12)*( LCARS_Off[[#ALL],[AbilityType]] = ""OA"" ) ), ""➖"" )"),"➖") -> ➖ | F14: =IFERROR(__xludf.DUMMYFUNCTION("IFNA( FILTER( FILTER(LCARS_Off[#ALL] , CONDITION_ONE_OF_RANGE( LCARS_Off[#HEADERS] , $E$7)), CONDITION_ONE_OF_RANGE( LCARS_Off[[#ALL],[OfficerName]] ,F12)*( LCARS_Off[[#ALL],[AbilityType]] = ""OA"" ) ), ""➖"" )"),"➖") -> ➖ | G14: =IFERROR(__xludf.DUMMYFUNCTION("IFNA( FILTER( FILTER(LCARS_Off[#ALL] , CONDITION_ONE_OF_RANGE( LCARS_Off[#HEADERS] , $E$7)), CONDITION_ONE_OF_RANGE( LCARS_Off[[#ALL],[OfficerName]] ,G12)*( LCARS_Off[[#ALL],[AbilityType]] = ""OA"" ) ), ""➖"" )"),"➖") -> ➖ | I14: Ability 4 | J14: =IFERROR(__xludf.DUMMYFUNCTION("""COMPUTED_VALUE"""),"➖") -> ➖
E15: {=IFERROR(XLOOKUP(E$19,LCARS_Off[OfficerName],LCARS_Off[Art]), "")} | F15: {=IFERROR(XLOOKUP(F$19,LCARS_Off[OfficerName],LCARS_Off[Art]), "")} | G15: {=IFERROR(XLOOKUP(G$19,LCARS_Off[OfficerName],LCARS_Off[Art]), "")} | H15: {=IFERROR(XLOOKUP(H$19,LCARS_Off[OfficerName],LCARS_Off[Art]), "")} | I15: {=IFERROR(XLOOKUP(I$19,LCARS_Off[OfficerName],LCARS_Off[Art]), "")} | J15: {=IFERROR(XLOOKUP(J$19,LCARS_Off[OfficerName],LCARS_Off[Art]), "")} | K15: {=IFERROR(XLOOKUP(K$19,LCARS_Off[OfficerName],LCARS_Off[Art]), "")}
C19: ᐅ | D19: Select your lower deckers: | E19: SCOTTY | F19: B'ELANNA TORRES | G19: TMP NYOTA UHURA
D20: Below Deck Ability "BDA" | E20: =IFERROR(__xludf.DUMMYFUNCTION("IFNA( FILTER( FILTER(LCARS_Off[#ALL] , CONDITION_ONE_OF_RANGE( LCARS_Off[#HEADERS] , $E$7)), CONDITION_ONE_OF_RANGE( LCARS_Off[[#ALL],[OfficerName]] ,E19)*( LCARS_Off[[#ALL],[AbilityType]] = ""BDA"" ) ), ""⃠"" )"),"⃠") -> ⃠ | F20: =IFERROR(__xludf.DUMMYFUNCTION("IFNA( FILTER( FILTER(LCARS_Off[#ALL] , CONDITION_ONE_OF_RANGE( LCARS_Off[#HEADERS] , $E$7)), CONDITION_ONE_OF_RANGE( LCARS_Off[[#ALL],[OfficerName]] ,F19)*( LCARS_Off[[#ALL],[AbilityType]] = ""BDA"" ) ), ""⃠"" )"),"➖") -> ➖ | G20: =IFERROR(__xludf.DUMMYFUNCTION("IFNA( FILTER( FILTER(LCARS_Off[#ALL] , CONDITION_ONE_OF_RANGE( LCARS_Off[#HEADERS] , $E$7)), CONDITION_ONE_OF_RANGE( LCARS_Off[[#ALL],[OfficerName]] ,G19)*( LCARS_Off[[#ALL],[AbilityType]] = ""BDA"" ) ), ""⃠"" )"),"➖") -> ➖ | H20: =IFERROR(__xludf.DUMMYFUNCTION("IFNA( FILTER( FILTER(LCARS_Off[#ALL] , CONDITION_ONE_OF_RANGE( LCARS_Off[#HEADERS] , $E$7)), CONDITION_ONE_OF_RANGE( LCARS_Off[[#ALL],[OfficerName]] ,H19)*( LCARS_Off[[#ALL],[AbilityType]] = ""BDA"" ) ), ""⃠"" )"),"⃠") -> ⃠ | I20: =IFERROR(__xludf.DUMMYFUNCTION("IFNA( FILTER( FILTER(LCARS_Off[#ALL] , CONDITION_ONE_OF_RANGE( LCARS_Off[#HEADERS] , $E$7)), CONDITION_ONE_OF_RANGE( LCARS_Off[[#ALL],[OfficerName]] ,I19)*( LCARS_Off[[#ALL],[AbilityType]] = ""BDA"" ) ), ""⃠"" )"),"⃠") -> ⃠ | J20: =IFERROR(__xludf.DUMMYFUNCTION("IFNA( FILTER( FILTER(LCARS_Off[#ALL] , CONDITION_ONE_OF_RANGE( LCARS_Off[#HEADERS] , $E$7)), CONDITION_ONE_OF_RANGE( LCARS_Off[[#ALL],[OfficerName]] ,J19)*( LCARS_Off[[#ALL],[AbilityType]] = ""BDA"" ) ), ""⃠"" )"),"⃠") -> ⃠ | K20: =IFERROR(__xludf.DUMMYFUNCTION("IFNA( FILTER( FILTER(LCARS_Off[#ALL] , CONDITION_ONE_OF_RANGE( LCARS_Off[#HEADERS] , $E$7)), CONDITION_ONE_OF_RANGE( LCARS_Off[[#ALL],[OfficerName]] ,K19)*( LCARS_Off[[#ALL],[AbilityType]] = ""BDA"" ) ), ""⃠"" )"),"⃠") -> ⃠
B24: ='Infos - Start Here!'!B23 -> 45663 | C24: ᐅ | D24: ="Target: " & E7 -> Target: PvP Station | F24: Ability Description | J24: Quick Legend
D25: Captain Maneuver "CM" | E25: =IFERROR(__xludf.DUMMYFUNCTION("IFNA( FILTER( FILTER(LCARS_Off[#ALL] , CONDITION_ONE_OF_RANGE( LCARS_Off[#HEADERS] , settings[DoesItWork])), CONDITION_ONE_OF_RANGE( LCARS_Off[[#ALL],[OfficerName]] ,F12)*( LCARS_Off[[#ALL],[AbilityType]] = ""CM"" ) ), Transpose({F12;F13}))"),"NAGA DELVOS") -> NAGA DELVOS | F25: =IFERROR(__xludf.DUMMYFUNCTION("""COMPUTED_VALUE"""),"Increases the Cost Efficiency of the Borg Cube's Transwarp Jump by X.") -> Increases the Cost Efficiency of the Borg Cube's Transwarp Jump by X. | I25: =IFERROR(__xludf.DUMMYFUNCTION("IFNA( FILTER( FILTER(LCARS_Off[#ALL] , CONDITION_ONE_OF_RANGE( LCARS_Off[#HEADERS] , $E$7)), CONDITION_ONE_OF_RANGE( LCARS_Off[[#ALL],[OfficerName]] ,E25)*( LCARS_Off[[#ALL],[AbilityType]] = ""CM"" ) ), ""⃠"" )")," ➖") -> ➖ | J25: ✅ | K25: Ability works
D26: Officer Ability "OA" | E26: =IFERROR(__xludf.DUMMYFUNCTION("FILTER( FILTER(LCARS_Off[#ALL] , CONDITION_ONE_OF_RANGE( LCARS_Off[#HEADERS] , settings[DoesItWork])), CONDITION_ONE_OF_RANGE( LCARS_Off[[#ALL],[OfficerName]] ,E12:G12)*( LCARS_Off[[#ALL],[AbilityType]] = ""OA"" ) )"),"NAGA DELVOS") -> NAGA DELVOS | F26: =IFERROR(__xludf.DUMMYFUNCTION("""COMPUTED_VALUE"""),"Increases the base damage of the Borg Cube's Cutting Beam against players by X (X at rank X).") -> Increases the base damage of the Borg Cube's Cutting Beam against players by X (X at rank X). | I26: =IFERROR(__xludf.DUMMYFUNCTION("IFNA( FILTER( FILTER(LCARS_Off[#ALL] , CONDITION_ONE_OF_RANGE( LCARS_Off[#HEADERS] , $E$7)), CONDITION_ONE_OF_RANGE( LCARS_Off[[#ALL],[OfficerName]] ,E26)*( LCARS_Off[[#ALL],[AbilityType]] = ""OA"" ) ), ""➖"" )")," ➖") -> ➖ | J26: ✴️ | K26: Ability works, if all conditions are met
E27: =IFERROR(__xludf.DUMMYFUNCTION("""COMPUTED_VALUE"""),"SESKA") -> SESKA | F27: =IFERROR(__xludf.DUMMYFUNCTION("""COMPUTED_VALUE"""),"Restores the Shield Health of your ship every round by X (X at rank X) when fighting hostiles.") -> Restores the Shield Health of your ship every round by X (X at rank X) when fighting hostiles. | I27: =IFERROR(__xludf.DUMMYFUNCTION("IFNA( FILTER( FILTER(LCARS_Off[#ALL] , CONDITION_ONE_OF_RANGE( LCARS_Off[#HEADERS] , $E$7)), CONDITION_ONE_OF_RANGE( LCARS_Off[[#ALL],[OfficerName]] ,E27)*( LCARS_Off[[#ALL],[AbilityType]] = ""OA"" ) ), ""➖"" )")," ➖") -> ➖ | J27: ⃠ | K27: No CM or BDA
E28: =IFERROR(__xludf.DUMMYFUNCTION("""COMPUTED_VALUE"""),"WOK SCOTTY") -> WOK SCOTTY | F28: =IFERROR(__xludf.DUMMYFUNCTION("""COMPUTED_VALUE"""),"WOK Montgomery Scott increases loot gained from Armadas by X (X at rank X).") -> WOK Montgomery Scott increases loot gained from Armadas by X (X at rank X). | I28: =IFERROR(__xludf.DUMMYFUNCTION("IFNA( FILTER( FILTER(LCARS_Off[#ALL] , CONDITION_ONE_OF_RANGE( LCARS_Off[#HEADERS] , $E$7)), CONDITION_ONE_OF_RANGE( LCARS_Off[[#ALL],[OfficerName]] ,E28)*( LCARS_Off[[#ALL],[AbilityType]] = ""OA"" ) ), ""➖"" )")," ➖") -> ➖ | J28: ➖ | K28: Does not work against the target
D29: Below Deck Ability "BDA" | E29: =IFERROR(__xludf.DUMMYFUNCTION("IFNA( FILTER( FILTER(LCARS_Off[#ALL] , CONDITION_ONE_OF_RANGE( LCARS_Off[#HEADERS] , settings[DoesItWork])), CONDITION_ONE_OF_RANGE( LCARS_Off[[#ALL],[OfficerName]] , E19:K19)*( LCARS_Off[[#ALL],[AbilityType]] = ""BDA"" ) ), ""➖"")"),"B'ELANNA TORRES") -> B'ELANNA TORRES | F29: =IFERROR(__xludf.DUMMYFUNCTION("""COMPUTED_VALUE"""),"X chance each round to apply Hull Breach to non-Player hostiles or Armada for 1 round.") -> X chance each round to apply Hull Breach to non-Player hostiles or Armada for 1 round. | I29: =IFERROR(__xludf.DUMMYFUNCTION("IFNA( FILTER( FILTER(LCARS_Off[#ALL] , CONDITION_ONE_OF_RANGE( LCARS_Off[#HEADERS] , $E$7)), CONDITION_ONE_OF_RANGE( LCARS_Off[[#ALL],[OfficerName]] ,E29)*( LCARS_Off[[#ALL],[AbilityType]] = ""BDA"" ) ), "" ⃠"" )")," ➖") -> ➖ | J29: OA | K29: Officer Ability
E30: =IFERROR(__xludf.DUMMYFUNCTION("""COMPUTED_VALUE"""),"TMP NYOTA UHURA") -> TMP NYOTA UHURA | F30: =IFERROR(__xludf.DUMMYFUNCTION("""COMPUTED_VALUE"""),"TMP Nyota Uhura increases your ship's Isolytic Cascade Damage by X (X at rank X) when fighting non-Armada Hostiles, Outposts, or Retaliation Hostiles.") -> TMP Nyota Uhura increases your ship's Isolytic Cascade Damage by X (X at rank X) when fighting non-Armada Hostiles, Outposts, or Retaliation Hostiles. | I30: =IFERROR(__xludf.DUMMYFUNCTION("IFNA( FILTER( FILTER(LCARS_Off[#ALL] , CONDITION_ONE_OF_RANGE( LCARS_Off[#HEADERS] , $E$7)), CONDITION_ONE_OF_RANGE( LCARS_Off[[#ALL],[OfficerName]] ,E30)*( LCARS_Off[[#ALL],[AbilityType]] = ""BDA"" ) ), "" ⃠"" )")," ➖") -> ➖ | J30: CM | K30: Captain's Manuever
I31: =IFERROR(__xludf.DUMMYFUNCTION("IFNA( FILTER( FILTER(LCARS_Off[#ALL] , CONDITION_ONE_OF_RANGE( LCARS_Off[#HEADERS] , $E$7)), CONDITION_ONE_OF_RANGE( LCARS_Off[[#ALL],[OfficerName]] ,E31)*( LCARS_Off[[#ALL],[AbilityType]] = ""BDA"" ) ), "" ⃠"" )")," ⃠") -> ⃠ | J31: BDA | K31: Below Deck Ability
I32: =IFERROR(__xludf.DUMMYFUNCTION("IFNA( FILTER( FILTER(LCARS_Off[#ALL] , CONDITION_ONE_OF_RANGE( LCARS_Off[#HEADERS] , $E$7)), CONDITION_ONE_OF_RANGE( LCARS_Off[[#ALL],[OfficerName]] ,E32)*( LCARS_Off[[#ALL],[AbilityType]] = ""BDA"" ) ), "" ⃠"" )")," ⃠") -> ⃠ | J32: If the definition isn't here, try the Glossary.
I33: =IFERROR(__xludf.DUMMYFUNCTION("IFNA( FILTER( FILTER(LCARS_Off[#ALL] , CONDITION_ONE_OF_RANGE( LCARS_Off[#HEADERS] , $E$7)), CONDITION_ONE_OF_RANGE( LCARS_Off[[#ALL],[OfficerName]] ,E33)*( LCARS_Off[[#ALL],[AbilityType]] = ""BDA"" ) ), "" ⃠"" )")," ⃠") -> ⃠
I34: =IFERROR(__xludf.DUMMYFUNCTION("IFNA( FILTER( FILTER(LCARS_Off[#ALL] , CONDITION_ONE_OF_RANGE( LCARS_Off[#HEADERS] , $E$7)), CONDITION_ONE_OF_RANGE( LCARS_Off[[#ALL],[OfficerName]] ,E34)*( LCARS_Off[[#ALL],[AbilityType]] = ""BDA"" ) ), "" ⃠"" )")," ⃠") -> ⃠
I35: =IFERROR(__xludf.DUMMYFUNCTION("IFNA( FILTER( FILTER(LCARS_Off[#ALL] , CONDITION_ONE_OF_RANGE( LCARS_Off[#HEADERS] , $E$7)), CONDITION_ONE_OF_RANGE( LCARS_Off[[#ALL],[OfficerName]] ,E35)*( LCARS_Off[[#ALL],[AbilityType]] = ""BDA"" ) ), "" ⃠"" )")," ⃠") -> ⃠ | J35: Try it Yourself
D36: Forbidden Tech "FT" | E36: =IFERROR(__xludf.DUMMYFUNCTION("FILTER( FILTER(LCARS_Tech[#ALL] , CONDITION_ONE_OF_RANGE( LCARS_Tech[#HEADERS] , settings[DoesItWork])), CONDITION_ONE_OF_RANGE( LCARS_Tech[[#ALL],[TechName]] , J10) )"),"[PRO] M-5 Multitronic Unit") -> [PRO] M-5 Multitronic Unit | F36: =IFERROR(__xludf.DUMMYFUNCTION("""COMPUTED_VALUE"""),"Increases Critical Hit Chance against Outposts by X.") -> Increases Critical Hit Chance against Outposts by X. | I36: =IFERROR(__xludf.DUMMYFUNCTION("FILTER( FILTER(LCARS_Tech[#ALL] , CONDITION_ONE_OF_RANGE( LCARS_Tech[#HEADERS] , E7)), CONDITION_ONE_OF_RANGE( LCARS_Tech[[#ALL],[TechName]] , J10) )")," ➖") -> ➖ | J36: Make a Copy
F37: =IFERROR(__xludf.DUMMYFUNCTION("""COMPUTED_VALUE"""),"Increase all Mitigation stats against Outposts and Outpost Retaliation Hostiles by X.") -> Increase all Mitigation stats against Outposts and Outpost Retaliation Hostiles by X. | I37: =IFERROR(__xludf.DUMMYFUNCTION("""COMPUTED_VALUE""")," ➖") -> ➖
F38: =IFERROR(__xludf.DUMMYFUNCTION("""COMPUTED_VALUE"""),"Increases Base Damage against Borg Outpost Retaliation Hostiles by X.") -> Increases Base Damage against Borg Outpost Retaliation Hostiles by X. | I38: =IFERROR(__xludf.DUMMYFUNCTION("""COMPUTED_VALUE""")," ➖") -> ➖ | J38: Join us on the official Discord Channel
F39: =IFERROR(__xludf.DUMMYFUNCTION("""COMPUTED_VALUE"""),"Increases Apex Barrier against Borg Outposts and Borg Outpost Retaliation Hostiles by X. Does not apply when Tal is assigned to the bridge.") -> Increases Apex Barrier against Borg Outposts and Borg Outpost Retaliation Hostiles by X. Does not apply when Tal is assigned to the bridge. | I39: =IFERROR(__xludf.DUMMYFUNCTION("""COMPUTED_VALUE""")," ➖") -> ➖ | J39: Official Tool Discord Server
D40: Chaos Tech "CT" | E40: =IFERROR(__xludf.DUMMYFUNCTION("FILTER( FILTER(LCARS_Tech[#ALL] , CONDITION_ONE_OF_RANGE( LCARS_Tech[#HEADERS] , settings[DoesItWork])), CONDITION_ONE_OF_RANGE( LCARS_Tech[[#ALL],[TechName]] , K10) )"),"Mark VI Photon Torpedo") -> Mark VI Photon Torpedo | F40: =IFERROR(__xludf.DUMMYFUNCTION("""COMPUTED_VALUE"""),"On round start, has a X chance to apply Hull Breach to [WOK] Hostiles for 3 rounds when commanding the U.S.S. Reliant.") -> On round start, has a X chance to apply Hull Breach to [WOK] Hostiles for 3 rounds when commanding the U.S.S. Reliant. | I40: =IFERROR(__xludf.DUMMYFUNCTION("FILTER( FILTER(LCARS_Tech[#ALL] , CONDITION_ONE_OF_RANGE( LCARS_Tech[#HEADERS] , E7)), CONDITION_ONE_OF_RANGE( LCARS_Tech[[#ALL],[TechName]] , K10) )")," ➖") -> ➖
F41: =IFERROR(__xludf.DUMMYFUNCTION("""COMPUTED_VALUE"""),"Increases Champion Trophy rewards from hostile chests by X of base value when commanding the U.S.S. Reliant.") -> Increases Champion Trophy rewards from hostile chests by X of base value when commanding the U.S.S. Reliant. | I41: =IFERROR(__xludf.DUMMYFUNCTION("""COMPUTED_VALUE""")," ➖") -> ➖
F42: =IFERROR(__xludf.DUMMYFUNCTION("""COMPUTED_VALUE"""),"Increases base Hull Health by X.") -> Increases base Hull Health by X. | I42: =IFERROR(__xludf.DUMMYFUNCTION("""COMPUTED_VALUE""")," ✅") -> ✅
C45: =CONCATENATE("RC - Release Candidate",REPT(" · β",200)) -> RC - Release Candidate · β · β · β · β · β · β · β · β · β · β · β · β · β · β · β · β · β · β · β · β · β · β · β · β · β · β · β · β · β · β · β · β · β · β · β · β · β · β · β · β · β · β · β · β · β · β · β · β · β · β · β · β · β · β · β · β · β · β · β · β · β · β · β · β · β · β · β · β · β · β · β · β · β · β · β · β · β · β · β · β · β · β · β · β · β · β · β · β · β · β · β · β · β · β · β · β · β · β · β · β · β · β · β · β · β · β · β · β · β · β · β · β · β · β · β · β · β · β · β · β · β · β · β · β · β · β · β · β · β · β · β · β · β · β · β · β · β · β · β · β · β · β · β · β · β · β · β · β · β · β · β · β · β · β · β · β · β · β · β · β · β · β · β · β · β · β · β · β · β · β · β · β · β · β · β · β · β · β · β · β · β · β · β · β · β · β · β · β · β · β · β · β · β · β · β · β · β · β · β · β

Sheet Officers - Search 
G2: ='Infos - Start Here!'!G2 -> 1.4-RC M86 | H2: =CONCATENATE("RC - Release Candidate",REPT(" · β",200)) -> RC - Release Candidate · β · β · β · β · β · β · β · β · β · β · β · β · β · β · β · β · β · β · β · β · β · β · β · β · β · β · β · β · β · β · β · β · β · β · β · β · β · β · β · β · β · β · β · β · β · β · β · β · β · β · β · β · β · β · β · β · β · β · β · β · β · β · β · β · β · β · β · β · β · β · β · β · β · β · β · β · β · β · β · β · β · β · β · β · β · β · β · β · β · β · β · β · β · β · β · β · β · β · β · β · β · β · β · β · β · β · β · β · β · β · β · β · β · β · β · β · β · β · β · β · β · β · β · β · β · β · β · β · β · β · β · β · β · β · β · β · β · β · β · β · β · β · β · β · β · β · β · β · β · β · β · β · β · β · β · β · β · β · β · β · β · β · β · β · β · β · β · β · β · β · β · β · β · β · β · β · β · β · β · β · β · β · β · β · β · β · β · β · β · β · β · β · β · β · β · β · β · β · β · β
D4: ᐅ | E4: PvP Station | H4: Select the Target | J4: Sort Order: Works, Conditional, Name ASC
D5: ᐅ | E5: BDA, CM, OA | H5: Select the Ability Type(s)
D6: ᐅ | H6: Search term e.g Hull Breach, Attack, State,…
D8: =IFERROR(__xludf.DUMMYFUNCTION("Query( FILTER( FILTER(LCARS_Off[#ALL] , CONDITION_ONE_OF_RANGE( LCARS_Off[#HEADERS] , settings[Minimum]) +(LCARS_Off[#HEADERS] = E4) ), ISNUMBER(SEARCH( E6, LCARS_Off[[#ALL],[Ability Description]])) + (LCARS_Off[[#ALL],[AbilityID]]=""AbilityID""), CONDITI"&"ON_ONE_OF_RANGE( LCARS_Off[[#ALL],[AbilityType]], SPLIT(E5, "", "", false, true)) + (LCARS_Off[[#ALL],[AbilityID]]=""AbilityID"") ) , ""SELECT * WHERE Col4 != '➖' ORDER BY Col4, Col2"",1 )")," Rarity") -> Rarity | E8: =IFERROR(__xludf.DUMMYFUNCTION("""COMPUTED_VALUE"""),"OfficerName") -> OfficerName | H8: =IFERROR(__xludf.DUMMYFUNCTION("""COMPUTED_VALUE"""),"Reason") -> Reason | I8: =IFERROR(__xludf.DUMMYFUNCTION("""COMPUTED_VALUE"""),"Ability Modifier") -> Ability Modifier | J8: =IFERROR(__xludf.DUMMYFUNCTION("""COMPUTED_VALUE"""),"Ability Description") -> Ability Description
D9: =IFERROR(__xludf.DUMMYFUNCTION("""COMPUTED_VALUE""")," U") -> U | E9: =IFERROR(__xludf.DUMMYFUNCTION("""COMPUTED_VALUE"""),"718") -> 718 | F9: =IFERROR(__xludf.DUMMYFUNCTION("""COMPUTED_VALUE"""),"CM") -> CM | G9: =IFERROR(__xludf.DUMMYFUNCTION("""COMPUTED_VALUE"""),"✅") -> ✅ | I9: =IFERROR(__xludf.DUMMYFUNCTION("""COMPUTED_VALUE"""),"CritChance") -> CritChance | J9: =IFERROR(__xludf.DUMMYFUNCTION("""COMPUTED_VALUE"""),"0718 Increases the Critical Hit Chances by X when defending the Station.") -> 0718 Increases the Critical Hit Chances by X when defending the Station.
D10: =IFERROR(__xludf.DUMMYFUNCTION("""COMPUTED_VALUE""")," U") -> U | E10: =IFERROR(__xludf.DUMMYFUNCTION("""COMPUTED_VALUE"""),"718") -> 718 | F10: =IFERROR(__xludf.DUMMYFUNCTION("""COMPUTED_VALUE"""),"OA") -> OA | G10: =IFERROR(__xludf.DUMMYFUNCTION("""COMPUTED_VALUE"""),"✅") -> ✅ | I10: =IFERROR(__xludf.DUMMYFUNCTION("""COMPUTED_VALUE"""),"OfficerStatDefense") -> OfficerStatDefense | J10: =IFERROR(__xludf.DUMMYFUNCTION("""COMPUTED_VALUE"""),"0718 increases the Defense of all Officers on the ship by X.") -> 0718 increases the Defense of all Officers on the ship by X.
D11: =IFERROR(__xludf.DUMMYFUNCTION("""COMPUTED_VALUE""")," U") -> U | E11: =IFERROR(__xludf.DUMMYFUNCTION("""COMPUTED_VALUE"""),"ARKADY") -> ARKADY | F11: =IFERROR(__xludf.DUMMYFUNCTION("""COMPUTED_VALUE"""),"CM") -> CM | G11: =IFERROR(__xludf.DUMMYFUNCTION("""COMPUTED_VALUE"""),"✅") -> ✅ | I11: =IFERROR(__xludf.DUMMYFUNCTION("""COMPUTED_VALUE"""),"AddState") -> AddState | J11: =IFERROR(__xludf.DUMMYFUNCTION("""COMPUTED_VALUE"""),"When the shield is depleted, Arkady has a X chance of inspiring Morale to the ship for 3 rounds.") -> When the shield is depleted, Arkady has a X chance of inspiring Morale to the ship for 3 rounds.
D12: =IFERROR(__xludf.DUMMYFUNCTION("""COMPUTED_VALUE""")," U") -> U | E12: =IFERROR(__xludf.DUMMYFUNCTION("""COMPUTED_VALUE"""),"ARKADY") -> ARKADY | F12: =IFERROR(__xludf.DUMMYFUNCTION("""COMPUTED_VALUE"""),"OA") -> OA | G12: =IFERROR(__xludf.DUMMYFUNCTION("""COMPUTED_VALUE"""),"✅") -> ✅ | I12: =IFERROR(__xludf.DUMMYFUNCTION("""COMPUTED_VALUE"""),"ShieldHPMax") -> ShieldHPMax | J12: =IFERROR(__xludf.DUMMYFUNCTION("""COMPUTED_VALUE"""),"Arkady increases the Shield Health of the ship by X.") -> Arkady increases the Shield Health of the ship by X.
D13: =IFERROR(__xludf.DUMMYFUNCTION("""COMPUTED_VALUE""")," R") -> R | E13: =IFERROR(__xludf.DUMMYFUNCTION("""COMPUTED_VALUE"""),"AZETBUR") -> AZETBUR | F13: =IFERROR(__xludf.DUMMYFUNCTION("""COMPUTED_VALUE"""),"OA") -> OA | G13: =IFERROR(__xludf.DUMMYFUNCTION("""COMPUTED_VALUE"""),"✅") -> ✅ | I13: =IFERROR(__xludf.DUMMYFUNCTION("""COMPUTED_VALUE"""),"ArmorPiercing") -> ArmorPiercing | J13: =IFERROR(__xludf.DUMMYFUNCTION("""COMPUTED_VALUE"""),"Every time the ship hits the opponent with a weapon attack, Azetbur increases the Armor Piercing of the ship by X. -- (Weapons with multiple shots will only trigger this ability once per attack.)") -> Every time the ship hits the opponent with a weapon attack, Azetbur increases the Armor Piercing of the ship by X. -- (Weapons with multiple shots will only trigger this ability once per attack.)
D14: =IFERROR(__xludf.DUMMYFUNCTION("""COMPUTED_VALUE""")," R") -> R | E14: =IFERROR(__xludf.DUMMYFUNCTION("""COMPUTED_VALUE"""),"BA'EL") -> BA'EL | F14: =IFERROR(__xludf.DUMMYFUNCTION("""COMPUTED_VALUE"""),"CM") -> CM | G14: =IFERROR(__xludf.DUMMYFUNCTION("""COMPUTED_VALUE"""),"✅") -> ✅ | I14: =IFERROR(__xludf.DUMMYFUNCTION("""COMPUTED_VALUE"""),"AllDamage") -> AllDamage | J14: =IFERROR(__xludf.DUMMYFUNCTION("""COMPUTED_VALUE"""),"Ba'el increases the ship's Weapon Damage by X.") -> Ba'el increases the ship's Weapon Damage by X.
D15: =IFERROR(__xludf.DUMMYFUNCTION("""COMPUTED_VALUE""")," R") -> R | E15: =IFERROR(__xludf.DUMMYFUNCTION("""COMPUTED_VALUE"""),"BA'EL") -> BA'EL | F15: =IFERROR(__xludf.DUMMYFUNCTION("""COMPUTED_VALUE"""),"OA") -> OA | G15: =IFERROR(__xludf.DUMMYFUNCTION("""COMPUTED_VALUE"""),"✅") -> ✅ | I15: =IFERROR(__xludf.DUMMYFUNCTION("""COMPUTED_VALUE"""),"ShipArmor") -> ShipArmor | J15: =IFERROR(__xludf.DUMMYFUNCTION("""COMPUTED_VALUE"""),"Ba'el increases the ship's Armor by X of total Crew Attack.") -> Ba'el increases the ship's Armor by X of total Crew Attack.
D16: =IFERROR(__xludf.DUMMYFUNCTION("""COMPUTED_VALUE""")," U") -> U | E16: =IFERROR(__xludf.DUMMYFUNCTION("""COMPUTED_VALUE"""),"BADGEY") -> BADGEY | F16: =IFERROR(__xludf.DUMMYFUNCTION("""COMPUTED_VALUE"""),"OA") -> OA | G16: =IFERROR(__xludf.DUMMYFUNCTION("""COMPUTED_VALUE"""),"✅") -> ✅ | I16: =IFERROR(__xludf.DUMMYFUNCTION("""COMPUTED_VALUE"""),"AllDefenses") -> AllDefenses | J16: =IFERROR(__xludf.DUMMYFUNCTION("""COMPUTED_VALUE"""),"Badgey decreases the Armor, Shield Deflection, and Dodge of enemy ships by X.") -> Badgey decreases the Armor, Shield Deflection, and Dodge of enemy ships by X.
D17: =IFERROR(__xludf.DUMMYFUNCTION("""COMPUTED_VALUE""")," U") -> U | E17: =IFERROR(__xludf.DUMMYFUNCTION("""COMPUTED_VALUE"""),"BADGEY") -> BADGEY | F17: =IFERROR(__xludf.DUMMYFUNCTION("""COMPUTED_VALUE"""),"BDA") -> BDA | G17: =IFERROR(__xludf.DUMMYFUNCTION("""COMPUTED_VALUE"""),"✅") -> ✅ | I17: =IFERROR(__xludf.DUMMYFUNCTION("""COMPUTED_VALUE"""),"AllPiercing") -> AllPiercing | J17: =IFERROR(__xludf.DUMMYFUNCTION("""COMPUTED_VALUE"""),"Badgey increases Armor Penetration, Shield Penetration, and Accuracy by X.") -> Badgey increases Armor Penetration, Shield Penetration, and Accuracy by X.
D18: =IFERROR(__xludf.DUMMYFUNCTION("""COMPUTED_VALUE""")," E") -> E | E18: =IFERROR(__xludf.DUMMYFUNCTION("""COMPUTED_VALUE"""),"BECKETT MARINER") -> BECKETT MARINER | F18: =IFERROR(__xludf.DUMMYFUNCTION("""COMPUTED_VALUE"""),"OA") -> OA | G18: =IFERROR(__xludf.DUMMYFUNCTION("""COMPUTED_VALUE"""),"✅") -> ✅ | I18: =IFERROR(__xludf.DUMMYFUNCTION("""COMPUTED_VALUE"""),"OfficerStatAttack") -> OfficerStatAttack | J18: =IFERROR(__xludf.DUMMYFUNCTION("""COMPUTED_VALUE"""),"Beckett Mariner increases the Attack of all Officers on the ship by X.") -> Beckett Mariner increases the Attack of all Officers on the ship by X.
D19: =IFERROR(__xludf.DUMMYFUNCTION("""COMPUTED_VALUE""")," E") -> E | E19: =IFERROR(__xludf.DUMMYFUNCTION("""COMPUTED_VALUE"""),"BECKETT MARINER") -> BECKETT MARINER | F19: =IFERROR(__xludf.DUMMYFUNCTION("""COMPUTED_VALUE"""),"BDA") -> BDA | G19: =IFERROR(__xludf.DUMMYFUNCTION("""COMPUTED_VALUE"""),"✅") -> ✅ | I19: =IFERROR(__xludf.DUMMYFUNCTION("""COMPUTED_VALUE"""),"AllDamage") -> AllDamage | J19: =IFERROR(__xludf.DUMMYFUNCTION("""COMPUTED_VALUE"""),"Beckett Mariner increases the ship's Weapon Damage by X.") -> Beckett Mariner increases the ship's Weapon Damage by X.
D20: =IFERROR(__xludf.DUMMYFUNCTION("""COMPUTED_VALUE""")," R") -> R | E20: =IFERROR(__xludf.DUMMYFUNCTION("""COMPUTED_VALUE"""),"BLACK OPS CHAPEL") -> BLACK OPS CHAPEL | F20: =IFERROR(__xludf.DUMMYFUNCTION("""COMPUTED_VALUE"""),"BDA") -> BDA | G20: =IFERROR(__xludf.DUMMYFUNCTION("""COMPUTED_VALUE"""),"✅") -> ✅ | I20: =IFERROR(__xludf.DUMMYFUNCTION("""COMPUTED_VALUE"""),"HullHPMax") -> HullHPMax | J20: =IFERROR(__xludf.DUMMYFUNCTION("""COMPUTED_VALUE"""),"SNW Black Ops Chapel increases the ship's base Hull Health by X (X at rank X).") -> SNW Black Ops Chapel increases the ship's base Hull Health by X (X at rank X).
D21: =IFERROR(__xludf.DUMMYFUNCTION("""COMPUTED_VALUE""")," R") -> R | E21: =IFERROR(__xludf.DUMMYFUNCTION("""COMPUTED_VALUE"""),"BRAD BOIMLER") -> BRAD BOIMLER | F21: =IFERROR(__xludf.DUMMYFUNCTION("""COMPUTED_VALUE"""),"OA") -> OA | G21: =IFERROR(__xludf.DUMMYFUNCTION("""COMPUTED_VALUE"""),"✅") -> ✅ | I21: =IFERROR(__xludf.DUMMYFUNCTION("""COMPUTED_VALUE"""),"AllPiercing") -> AllPiercing | J21: =IFERROR(__xludf.DUMMYFUNCTION("""COMPUTED_VALUE"""),"Brad Boimler increases Armor Piercing, Shield Piercing, and Accuracy by X.") -> Brad Boimler increases Armor Piercing, Shield Piercing, and Accuracy by X.
B22: ='Infos - Start Here!'!B22 | D22: =IFERROR(__xludf.DUMMYFUNCTION("""COMPUTED_VALUE""")," R") -> R | E22: =IFERROR(__xludf.DUMMYFUNCTION("""COMPUTED_VALUE"""),"BRAD BOIMLER") -> BRAD BOIMLER | F22: =IFERROR(__xludf.DUMMYFUNCTION("""COMPUTED_VALUE"""),"BDA") -> BDA | G22: =IFERROR(__xludf.DUMMYFUNCTION("""COMPUTED_VALUE"""),"✅") -> ✅ | I22: =IFERROR(__xludf.DUMMYFUNCTION("""COMPUTED_VALUE"""),"AllDefenses") -> AllDefenses | J22: =IFERROR(__xludf.DUMMYFUNCTION("""COMPUTED_VALUE"""),"Brad Boimler increases Armor, Shield Deflection, and Dodge by X.") -> Brad Boimler increases Armor, Shield Deflection, and Dodge by X.
D23: =IFERROR(__xludf.DUMMYFUNCTION("""COMPUTED_VALUE""")," C") -> C | E23: =IFERROR(__xludf.DUMMYFUNCTION("""COMPUTED_VALUE"""),"CADET KIRK") -> CADET KIRK | F23: =IFERROR(__xludf.DUMMYFUNCTION("""COMPUTED_VALUE"""),"CM") -> CM | G23: =IFERROR(__xludf.DUMMYFUNCTION("""COMPUTED_VALUE"""),"✅") -> ✅ | I23: =IFERROR(__xludf.DUMMYFUNCTION("""COMPUTED_VALUE"""),"OfficerStatAll") -> OfficerStatAll | J23: =IFERROR(__xludf.DUMMYFUNCTION("""COMPUTED_VALUE"""),"Cadet Kirk increases the Attack, Defense and Health of all Officers on the Bridge by X.") -> Cadet Kirk increases the Attack, Defense and Health of all Officers on the Bridge by X.
D24: =IFERROR(__xludf.DUMMYFUNCTION("""COMPUTED_VALUE""")," C") -> C | E24: =IFERROR(__xludf.DUMMYFUNCTION("""COMPUTED_VALUE"""),"CADET KIRK") -> CADET KIRK | F24: =IFERROR(__xludf.DUMMYFUNCTION("""COMPUTED_VALUE"""),"OA") -> OA | G24: =IFERROR(__xludf.DUMMYFUNCTION("""COMPUTED_VALUE"""),"✅") -> ✅ | I24: =IFERROR(__xludf.DUMMYFUNCTION("""COMPUTED_VALUE"""),"AllDamage") -> AllDamage | J24: =IFERROR(__xludf.DUMMYFUNCTION("""COMPUTED_VALUE"""),"Kirk increases the Weapon damage of the ship by X.") -> Kirk increases the Weapon damage of the ship by X.
D25: =IFERROR(__xludf.DUMMYFUNCTION("""COMPUTED_VALUE""")," C") -> C | E25: =IFERROR(__xludf.DUMMYFUNCTION("""COMPUTED_VALUE"""),"CADET MCCOY") -> CADET MCCOY | F25: =IFERROR(__xludf.DUMMYFUNCTION("""COMPUTED_VALUE"""),"CM") -> CM | G25: =IFERROR(__xludf.DUMMYFUNCTION("""COMPUTED_VALUE"""),"✅") -> ✅ | I25: =IFERROR(__xludf.DUMMYFUNCTION("""COMPUTED_VALUE"""),"OfficerStatHealth") -> OfficerStatHealth | J25: =IFERROR(__xludf.DUMMYFUNCTION("""COMPUTED_VALUE"""),"Cadet McCoy increases the Health of all Officers on the ship by X.") -> Cadet McCoy increases the Health of all Officers on the ship by X.
D26: =IFERROR(__xludf.DUMMYFUNCTION("""COMPUTED_VALUE""")," C") -> C | E26: =IFERROR(__xludf.DUMMYFUNCTION("""COMPUTED_VALUE"""),"CADET MCCOY") -> CADET MCCOY | F26: =IFERROR(__xludf.DUMMYFUNCTION("""COMPUTED_VALUE"""),"OA") -> OA | G26: =IFERROR(__xludf.DUMMYFUNCTION("""COMPUTED_VALUE"""),"✅") -> ✅ | I26: =IFERROR(__xludf.DUMMYFUNCTION("""COMPUTED_VALUE"""),"CptManeuverEffect") -> CptManeuverEffect | J26: =IFERROR(__xludf.DUMMYFUNCTION("""COMPUTED_VALUE"""),"During combat, Cadet McCoy increases the effectiveness of the Captain Maneuver by X.") -> During combat, Cadet McCoy increases the effectiveness of the Captain Maneuver by X.
D27: =IFERROR(__xludf.DUMMYFUNCTION("""COMPUTED_VALUE""")," C") -> C | E27: =IFERROR(__xludf.DUMMYFUNCTION("""COMPUTED_VALUE"""),"CADET SCOTTY") -> CADET SCOTTY | F27: =IFERROR(__xludf.DUMMYFUNCTION("""COMPUTED_VALUE"""),"CM") -> CM | G27: =IFERROR(__xludf.DUMMYFUNCTION("""COMPUTED_VALUE"""),"✅") -> ✅ | I27: =IFERROR(__xludf.DUMMYFUNCTION("""COMPUTED_VALUE"""),"HullHPMax") -> HullHPMax | J27: =IFERROR(__xludf.DUMMYFUNCTION("""COMPUTED_VALUE"""),"Cadet Scotty increases the Ship Hull Health by X.") -> Cadet Scotty increases the Ship Hull Health by X.
D28: =IFERROR(__xludf.DUMMYFUNCTION("""COMPUTED_VALUE""")," C") -> C | E28: =IFERROR(__xludf.DUMMYFUNCTION("""COMPUTED_VALUE"""),"CADET SULU") -> CADET SULU | F28: =IFERROR(__xludf.DUMMYFUNCTION("""COMPUTED_VALUE"""),"CM") -> CM | G28: =IFERROR(__xludf.DUMMYFUNCTION("""COMPUTED_VALUE"""),"✅") -> ✅ | I28: =IFERROR(__xludf.DUMMYFUNCTION("""COMPUTED_VALUE"""),"AllDamage") -> AllDamage | J28: =IFERROR(__xludf.DUMMYFUNCTION("""COMPUTED_VALUE"""),"Cadet Sulu increases the damage of the first shots of the ship by X for the first round.") -> Cadet Sulu increases the damage of the first shots of the ship by X for the first round.
D29: =IFERROR(__xludf.DUMMYFUNCTION("""COMPUTED_VALUE""")," C") -> C | E29: =IFERROR(__xludf.DUMMYFUNCTION("""COMPUTED_VALUE"""),"CADET SULU") -> CADET SULU | F29: =IFERROR(__xludf.DUMMYFUNCTION("""COMPUTED_VALUE"""),"OA") -> OA | G29: =IFERROR(__xludf.DUMMYFUNCTION("""COMPUTED_VALUE"""),"✅") -> ✅ | I29: =IFERROR(__xludf.DUMMYFUNCTION("""COMPUTED_VALUE"""),"OfficerStatAttack") -> OfficerStatAttack | J29: =IFERROR(__xludf.DUMMYFUNCTION("""COMPUTED_VALUE"""),"Cadet Sulu increases the Attack of all the Officers on the ship by X.") -> Cadet Sulu increases the Attack of all the Officers on the ship by X.
D30: =IFERROR(__xludf.DUMMYFUNCTION("""COMPUTED_VALUE""")," C") -> C | E30: =IFERROR(__xludf.DUMMYFUNCTION("""COMPUTED_VALUE"""),"CADET UHURA") -> CADET UHURA | F30: =IFERROR(__xludf.DUMMYFUNCTION("""COMPUTED_VALUE"""),"CM") -> CM | G30: =IFERROR(__xludf.DUMMYFUNCTION("""COMPUTED_VALUE"""),"✅") -> ✅ | I30: =IFERROR(__xludf.DUMMYFUNCTION("""COMPUTED_VALUE"""),"AllDamage") -> AllDamage | J30: =IFERROR(__xludf.DUMMYFUNCTION("""COMPUTED_VALUE"""),"Cadet Uhura decreases the Weapon Damage of the opponent's ship by X.") -> Cadet Uhura decreases the Weapon Damage of the opponent's ship by X.
D31: =IFERROR(__xludf.DUMMYFUNCTION("""COMPUTED_VALUE""")," C") -> C | E31: =IFERROR(__xludf.DUMMYFUNCTION("""COMPUTED_VALUE"""),"CADET UHURA") -> CADET UHURA | F31: =IFERROR(__xludf.DUMMYFUNCTION("""COMPUTED_VALUE"""),"OA") -> OA | G31: =IFERROR(__xludf.DUMMYFUNCTION("""COMPUTED_VALUE"""),"✅") -> ✅ | I31: =IFERROR(__xludf.DUMMYFUNCTION("""COMPUTED_VALUE"""),"ShieldHPMax") -> ShieldHPMax | J31: =IFERROR(__xludf.DUMMYFUNCTION("""COMPUTED_VALUE"""),"Cadet Uhura increases the Shield Health of the ship by X.") -> Cadet Uhura increases the Shield Health of the ship by X.
D32: =IFERROR(__xludf.DUMMYFUNCTION("""COMPUTED_VALUE""")," E") -> E | E32: =IFERROR(__xludf.DUMMYFUNCTION("""COMPUTED_VALUE"""),"CAROL") -> CAROL | F32: =IFERROR(__xludf.DUMMYFUNCTION("""COMPUTED_VALUE"""),"CM") -> CM | G32: =IFERROR(__xludf.DUMMYFUNCTION("""COMPUTED_VALUE"""),"✅") -> ✅ | I32: =IFERROR(__xludf.DUMMYFUNCTION("""COMPUTED_VALUE"""),"AllDamage") -> AllDamage | J32: =IFERROR(__xludf.DUMMYFUNCTION("""COMPUTED_VALUE"""),"When defending in battle against a player, Carol decreases the Weapon Damage from opponents by X.") -> When defending in battle against a player, Carol decreases the Weapon Damage from opponents by X.
D33: =IFERROR(__xludf.DUMMYFUNCTION("""COMPUTED_VALUE""")," E") -> E | E33: =IFERROR(__xludf.DUMMYFUNCTION("""COMPUTED_VALUE"""),"CAROL") -> CAROL | F33: =IFERROR(__xludf.DUMMYFUNCTION("""COMPUTED_VALUE"""),"OA") -> OA | G33: =IFERROR(__xludf.DUMMYFUNCTION("""COMPUTED_VALUE"""),"✅") -> ✅ | I33: =IFERROR(__xludf.DUMMYFUNCTION("""COMPUTED_VALUE"""),"AllDamage") -> AllDamage | J33: =IFERROR(__xludf.DUMMYFUNCTION("""COMPUTED_VALUE"""),"Carol increases the Weapon Damage by X.") -> Carol increases the Weapon Damage by X.
D34: =IFERROR(__xludf.DUMMYFUNCTION("""COMPUTED_VALUE""")," E") -> E | E34: =IFERROR(__xludf.DUMMYFUNCTION("""COMPUTED_VALUE"""),"CAROL FREEMAN") -> CAROL FREEMAN | F34: =IFERROR(__xludf.DUMMYFUNCTION("""COMPUTED_VALUE"""),"CM") -> CM | G34: =IFERROR(__xludf.DUMMYFUNCTION("""COMPUTED_VALUE"""),"✅") -> ✅ | I34: =IFERROR(__xludf.DUMMYFUNCTION("""COMPUTED_VALUE"""),"ShotsPerAttack") -> ShotsPerAttack | J34: =IFERROR(__xludf.DUMMYFUNCTION("""COMPUTED_VALUE"""),"On combat start against players, Carol Freeman increases your shots by X.") -> On combat start against players, Carol Freeman increases your shots by X.
D35: =IFERROR(__xludf.DUMMYFUNCTION("""COMPUTED_VALUE""")," E") -> E | E35: =IFERROR(__xludf.DUMMYFUNCTION("""COMPUTED_VALUE"""),"CHARVANEK") -> CHARVANEK | F35: =IFERROR(__xludf.DUMMYFUNCTION("""COMPUTED_VALUE"""),"OA") -> OA | G35: =IFERROR(__xludf.DUMMYFUNCTION("""COMPUTED_VALUE"""),"✅") -> ✅ | I35: =IFERROR(__xludf.DUMMYFUNCTION("""COMPUTED_VALUE"""),"ArmorPiercing") -> ArmorPiercing | J35: =IFERROR(__xludf.DUMMYFUNCTION("""COMPUTED_VALUE"""),"At the start of combat, Charvanek increases the Armor Piercing of the ship by X of the Health of the crew on the ship.") -> At the start of combat, Charvanek increases the Armor Piercing of the ship by X of the Health of the crew on the ship.
D36: =IFERROR(__xludf.DUMMYFUNCTION("""COMPUTED_VALUE""")," U") -> U | E36: =IFERROR(__xludf.DUMMYFUNCTION("""COMPUTED_VALUE"""),"D'JAOKI") -> D'JAOKI | F36: =IFERROR(__xludf.DUMMYFUNCTION("""COMPUTED_VALUE"""),"CM") -> CM | G36: =IFERROR(__xludf.DUMMYFUNCTION("""COMPUTED_VALUE"""),"✅") -> ✅ | I36: =IFERROR(__xludf.DUMMYFUNCTION("""COMPUTED_VALUE"""),"OfficerStatHealth") -> OfficerStatHealth | J36: =IFERROR(__xludf.DUMMYFUNCTION("""COMPUTED_VALUE"""),"After winning a combat, D'jaoki increases the Health of all officers on the ship by X for 1 minute.") -> After winning a combat, D'jaoki increases the Health of all officers on the ship by X for 1 minute.
D37: =IFERROR(__xludf.DUMMYFUNCTION("""COMPUTED_VALUE""")," E") -> E | E37: =IFERROR(__xludf.DUMMYFUNCTION("""COMPUTED_VALUE"""),"D'VANA TENDI") -> D'VANA TENDI | F37: =IFERROR(__xludf.DUMMYFUNCTION("""COMPUTED_VALUE"""),"OA") -> OA | G37: =IFERROR(__xludf.DUMMYFUNCTION("""COMPUTED_VALUE"""),"✅") -> ✅ | I37: =IFERROR(__xludf.DUMMYFUNCTION("""COMPUTED_VALUE"""),"OfficerStatHealth") -> OfficerStatHealth | J37: =IFERROR(__xludf.DUMMYFUNCTION("""COMPUTED_VALUE"""),"D'Vana Tendi increases the Health of all Officers on the ship by X.") -> D'Vana Tendi increases the Health of all Officers on the ship by X.
D38: =IFERROR(__xludf.DUMMYFUNCTION("""COMPUTED_VALUE""")," E") -> E | E38: =IFERROR(__xludf.DUMMYFUNCTION("""COMPUTED_VALUE"""),"D'VANA TENDI") -> D'VANA TENDI | F38: =IFERROR(__xludf.DUMMYFUNCTION("""COMPUTED_VALUE"""),"BDA") -> BDA | G38: =IFERROR(__xludf.DUMMYFUNCTION("""COMPUTED_VALUE"""),"✅") -> ✅ | I38: =IFERROR(__xludf.DUMMYFUNCTION("""COMPUTED_VALUE"""),"HullHPMax") -> HullHPMax | J38: =IFERROR(__xludf.DUMMYFUNCTION("""COMPUTED_VALUE"""),"D'Vana Tendi increases the ship's Hull Health by X.") -> D'Vana Tendi increases the ship's Hull Health by X.
D39: =IFERROR(__xludf.DUMMYFUNCTION("""COMPUTED_VALUE""")," C") -> C | E39: =IFERROR(__xludf.DUMMYFUNCTION("""COMPUTED_VALUE"""),"DARWIN") -> DARWIN | F39: =IFERROR(__xludf.DUMMYFUNCTION("""COMPUTED_VALUE"""),"CM") -> CM | G39: =IFERROR(__xludf.DUMMYFUNCTION("""COMPUTED_VALUE"""),"✅") -> ✅ | I39: =IFERROR(__xludf.DUMMYFUNCTION("""COMPUTED_VALUE"""),"AllDamage") -> AllDamage | J39: =IFERROR(__xludf.DUMMYFUNCTION("""COMPUTED_VALUE"""),"When the ship is attacked by a player, Darwin increases the Weapon Damage by X.") -> When the ship is attacked by a player, Darwin increases the Weapon Damage by X.
D40: =IFERROR(__xludf.DUMMYFUNCTION("""COMPUTED_VALUE""")," R") -> R | E40: =IFERROR(__xludf.DUMMYFUNCTION("""COMPUTED_VALUE"""),"DECIUS") -> DECIUS | F40: =IFERROR(__xludf.DUMMYFUNCTION("""COMPUTED_VALUE"""),"OA") -> OA | G40: =IFERROR(__xludf.DUMMYFUNCTION("""COMPUTED_VALUE"""),"✅") -> ✅ | I40: =IFERROR(__xludf.DUMMYFUNCTION("""COMPUTED_VALUE"""),"AllDamage") -> AllDamage | J40: =IFERROR(__xludf.DUMMYFUNCTION("""COMPUTED_VALUE"""),"Every time the ship gets hit by a weapon attack, Decius increases its Weapon Damage by X. -- (Weapons with multiple shots will only trigger this ability once per attack.)") -> Every time the ship gets hit by a weapon attack, Decius increases its Weapon Damage by X. -- (Weapons with multiple shots will only trigger this ability once per attack.)
D41: =IFERROR(__xludf.DUMMYFUNCTION("""COMPUTED_VALUE""")," E") -> E | E41: =IFERROR(__xludf.DUMMYFUNCTION("""COMPUTED_VALUE"""),"DOCTOR T'ANA") -> DOCTOR T'ANA | F41: =IFERROR(__xludf.DUMMYFUNCTION("""COMPUTED_VALUE"""),"OA") -> OA | G41: =IFERROR(__xludf.DUMMYFUNCTION("""COMPUTED_VALUE"""),"✅") -> ✅ | I41: =IFERROR(__xludf.DUMMYFUNCTION("""COMPUTED_VALUE"""),"AddRandomState") -> AddRandomState | J41: =IFERROR(__xludf.DUMMYFUNCTION("""COMPUTED_VALUE"""),"On round start, Dr. T'Ana has X chance to apply a random State to the enemy player's ship for 3 rounds. -- Random States: Morale, Burning, Hull Breach") -> On round start, Dr. T'Ana has X chance to apply a random State to the enemy player's ship for 3 rounds. -- Random States: Morale, Burning, Hull Breach
D42: =IFERROR(__xludf.DUMMYFUNCTION("""COMPUTED_VALUE""")," E") -> E | E42: =IFERROR(__xludf.DUMMYFUNCTION("""COMPUTED_VALUE"""),"DOCTOR T'ANA") -> DOCTOR T'ANA | F42: =IFERROR(__xludf.DUMMYFUNCTION("""COMPUTED_VALUE"""),"BDA") -> BDA | G42: =IFERROR(__xludf.DUMMYFUNCTION("""COMPUTED_VALUE"""),"✅") -> ✅ | I42: =IFERROR(__xludf.DUMMYFUNCTION("""COMPUTED_VALUE"""),"IsolyticDefense") -> IsolyticDefense | J42: =IFERROR(__xludf.DUMMYFUNCTION("""COMPUTED_VALUE"""),"On round start against players, Dr. T'Ana increases your Isolytic Defense by X for 1 round.") -> On round start against players, Dr. T'Ana increases your Isolytic Defense by X for 1 round.
D43: =IFERROR(__xludf.DUMMYFUNCTION("""COMPUTED_VALUE""")," U") -> U | E43: =IFERROR(__xludf.DUMMYFUNCTION("""COMPUTED_VALUE"""),"EIGHT OF ELEVEN") -> EIGHT OF ELEVEN | F43: =IFERROR(__xludf.DUMMYFUNCTION("""COMPUTED_VALUE"""),"OA") -> OA | G43: =IFERROR(__xludf.DUMMYFUNCTION("""COMPUTED_VALUE"""),"✅") -> ✅ | I43: =IFERROR(__xludf.DUMMYFUNCTION("""COMPUTED_VALUE"""),"OfficerStatAttack") -> OfficerStatAttack | J43: =IFERROR(__xludf.DUMMYFUNCTION("""COMPUTED_VALUE"""),"Eight of Eleven increases the Attack of every Officer on the ship by X.") -> Eight of Eleven increases the Attack of every Officer on the ship by X.
D44: =IFERROR(__xludf.DUMMYFUNCTION("""COMPUTED_VALUE""")," E") -> E | E44: =IFERROR(__xludf.DUMMYFUNCTION("""COMPUTED_VALUE"""),"ENT-E RIKER") -> ENT-E RIKER | F44: =IFERROR(__xludf.DUMMYFUNCTION("""COMPUTED_VALUE"""),"OA") -> OA | G44: =IFERROR(__xludf.DUMMYFUNCTION("""COMPUTED_VALUE"""),"✅") -> ✅ | I44: =IFERROR(__xludf.DUMMYFUNCTION("""COMPUTED_VALUE"""),"CritChance") -> CritChance | J44: =IFERROR(__xludf.DUMMYFUNCTION("""COMPUTED_VALUE"""),"Increases Critical Hit Chance by X for 4 rounds each time you score a hit (Once per weapon).") -> Increases Critical Hit Chance by X for 4 rounds each time you score a hit (Once per weapon).
D45: =IFERROR(__xludf.DUMMYFUNCTION("""COMPUTED_VALUE""")," E") -> E | E45: =IFERROR(__xludf.DUMMYFUNCTION("""COMPUTED_VALUE"""),"FIVE OF ELEVEN") -> FIVE OF ELEVEN | F45: =IFERROR(__xludf.DUMMYFUNCTION("""COMPUTED_VALUE"""),"CM") -> CM | G45: =IFERROR(__xludf.DUMMYFUNCTION("""COMPUTED_VALUE"""),"✅") -> ✅ | I45: =IFERROR(__xludf.DUMMYFUNCTION("""COMPUTED_VALUE"""),"AllDefenses") -> AllDefenses | J45: =IFERROR(__xludf.DUMMYFUNCTION("""COMPUTED_VALUE"""),"Five of Eleven Increases the Shield deflection, Armor and Dodge by X of the total Health of all Officers on the ship.") -> Five of Eleven Increases the Shield deflection, Armor and Dodge by X of the total Health of all Officers on the ship.
D46: =IFERROR(__xludf.DUMMYFUNCTION("""COMPUTED_VALUE""")," C") -> C | E46: =IFERROR(__xludf.DUMMYFUNCTION("""COMPUTED_VALUE"""),"GAILA") -> GAILA | F46: =IFERROR(__xludf.DUMMYFUNCTION("""COMPUTED_VALUE"""),"CM") -> CM | G46: =IFERROR(__xludf.DUMMYFUNCTION("""COMPUTED_VALUE"""),"✅") -> ✅ | I46: =IFERROR(__xludf.DUMMYFUNCTION("""COMPUTED_VALUE"""),"CombatParsteelReward") -> CombatParsteelReward | J46: =IFERROR(__xludf.DUMMYFUNCTION("""COMPUTED_VALUE"""),"Gaila increases the Parsteel rewards for defeating a Hostile by X.") -> Gaila increases the Parsteel rewards for defeating a Hostile by X.
D47: =IFERROR(__xludf.DUMMYFUNCTION("""COMPUTED_VALUE""")," E") -> E | E47: =IFERROR(__xludf.DUMMYFUNCTION("""COMPUTED_VALUE"""),"GEORGIOU") -> GEORGIOU | F47: =IFERROR(__xludf.DUMMYFUNCTION("""COMPUTED_VALUE"""),"OA") -> OA | G47: =IFERROR(__xludf.DUMMYFUNCTION("""COMPUTED_VALUE"""),"✅") -> ✅ | I47: =IFERROR(__xludf.DUMMYFUNCTION("""COMPUTED_VALUE"""),"AddState") -> AddState | J47: =IFERROR(__xludf.DUMMYFUNCTION("""COMPUTED_VALUE"""),"At the beginning of each round, Georgiou has a X chance of Burning the opponent's ship for 2 rounds.") -> At the beginning of each round, Georgiou has a X chance of Burning the opponent's ship for 2 rounds.
D48: =IFERROR(__xludf.DUMMYFUNCTION("""COMPUTED_VALUE""")," E") -> E | E48: =IFERROR(__xludf.DUMMYFUNCTION("""COMPUTED_VALUE"""),"GORKON") -> GORKON | F48: =IFERROR(__xludf.DUMMYFUNCTION("""COMPUTED_VALUE"""),"CM") -> CM | G48: =IFERROR(__xludf.DUMMYFUNCTION("""COMPUTED_VALUE"""),"✅") -> ✅ | I48: =IFERROR(__xludf.DUMMYFUNCTION("""COMPUTED_VALUE"""),"CritChance") -> CritChance | J48: =IFERROR(__xludf.DUMMYFUNCTION("""COMPUTED_VALUE"""),"Gorkon increases the chances of dealing a Critical Hit by X for the first 2 Rounds.") -> Gorkon increases the chances of dealing a Critical Hit by X for the first 2 Rounds.
D49: =IFERROR(__xludf.DUMMYFUNCTION("""COMPUTED_VALUE""")," E") -> E | E49: =IFERROR(__xludf.DUMMYFUNCTION("""COMPUTED_VALUE"""),"GORKON") -> GORKON | F49: =IFERROR(__xludf.DUMMYFUNCTION("""COMPUTED_VALUE"""),"OA") -> OA | G49: =IFERROR(__xludf.DUMMYFUNCTION("""COMPUTED_VALUE"""),"✅") -> ✅ | I49: =IFERROR(__xludf.DUMMYFUNCTION("""COMPUTED_VALUE"""),"AddState") -> AddState | J49: =IFERROR(__xludf.DUMMYFUNCTION("""COMPUTED_VALUE"""),"When the ship hits the opponent with a Critical Hit, Gorkon has a X chance of causing a Hull Breach for three rounds on the opponent's ship.") -> When the ship hits the opponent with a Critical Hit, Gorkon has a X chance of causing a Hull Breach for three rounds on the opponent's ship.
D50: =IFERROR(__xludf.DUMMYFUNCTION("""COMPUTED_VALUE""")," R") -> R | E50: =IFERROR(__xludf.DUMMYFUNCTION("""COMPUTED_VALUE"""),"GOWRON") -> GOWRON | F50: =IFERROR(__xludf.DUMMYFUNCTION("""COMPUTED_VALUE"""),"OA") -> OA | G50: =IFERROR(__xludf.DUMMYFUNCTION("""COMPUTED_VALUE"""),"✅") -> ✅ | I50: =IFERROR(__xludf.DUMMYFUNCTION("""COMPUTED_VALUE"""),"Shields") -> Shields | J50: =IFERROR(__xludf.DUMMYFUNCTION("""COMPUTED_VALUE"""),"Gowron increases the ship's Shield Deflection by X of total Crew Health.") -> Gowron increases the ship's Shield Deflection by X of total Crew Health.
D51: =IFERROR(__xludf.DUMMYFUNCTION("""COMPUTED_VALUE""")," E") -> E | E51: =IFERROR(__xludf.DUMMYFUNCTION("""COMPUTED_VALUE"""),"HONORGUARD WORF") -> HONORGUARD WORF | F51: =IFERROR(__xludf.DUMMYFUNCTION("""COMPUTED_VALUE"""),"CM") -> CM | G51: =IFERROR(__xludf.DUMMYFUNCTION("""COMPUTED_VALUE"""),"✅") -> ✅ | I51: =IFERROR(__xludf.DUMMYFUNCTION("""COMPUTED_VALUE"""),"ArmorPiercing") -> ArmorPiercing | J51: =IFERROR(__xludf.DUMMYFUNCTION("""COMPUTED_VALUE"""),"When fighting other players, Honorguard Worf increases the ship's Armor Piercing by X of Crew Attack whenever the ship scores a critical hit.") -> When fighting other players, Honorguard Worf increases the ship's Armor Piercing by X of Crew Attack whenever the ship scores a critical hit.
D52: =IFERROR(__xludf.DUMMYFUNCTION("""COMPUTED_VALUE""")," E") -> E | E52: =IFERROR(__xludf.DUMMYFUNCTION("""COMPUTED_VALUE"""),"HONORGUARD WORF") -> HONORGUARD WORF | F52: =IFERROR(__xludf.DUMMYFUNCTION("""COMPUTED_VALUE"""),"OA") -> OA | G52: =IFERROR(__xludf.DUMMYFUNCTION("""COMPUTED_VALUE"""),"✅") -> ✅ | I52: =IFERROR(__xludf.DUMMYFUNCTION("""COMPUTED_VALUE"""),"CritChance") -> CritChance | J52: =IFERROR(__xludf.DUMMYFUNCTION("""COMPUTED_VALUE"""),"For the first 8 rounds of combat against other players, Honorguard Worf increases the Critical Hit Chance of the ship by X.") -> For the first 8 rounds of combat against other players, Honorguard Worf increases the Critical Hit Chance of the ship by X.
D53: =IFERROR(__xludf.DUMMYFUNCTION("""COMPUTED_VALUE""")," C") -> C | E53: =IFERROR(__xludf.DUMMYFUNCTION("""COMPUTED_VALUE"""),"INSTR. SPOCK") -> INSTR. SPOCK | F53: =IFERROR(__xludf.DUMMYFUNCTION("""COMPUTED_VALUE"""),"CM") -> CM | G53: =IFERROR(__xludf.DUMMYFUNCTION("""COMPUTED_VALUE"""),"✅") -> ✅ | I53: =IFERROR(__xludf.DUMMYFUNCTION("""COMPUTED_VALUE"""),"AllDamage") -> AllDamage | J53: =IFERROR(__xludf.DUMMYFUNCTION("""COMPUTED_VALUE"""),"Instructor Spock increases the Weapon Damage of the ship by X.") -> Instructor Spock increases the Weapon Damage of the ship by X.
D54: =IFERROR(__xludf.DUMMYFUNCTION("""COMPUTED_VALUE""")," C") -> C | E54: =IFERROR(__xludf.DUMMYFUNCTION("""COMPUTED_VALUE"""),"INSTR. SPOCK") -> INSTR. SPOCK | F54: =IFERROR(__xludf.DUMMYFUNCTION("""COMPUTED_VALUE"""),"OA") -> OA | G54: =IFERROR(__xludf.DUMMYFUNCTION("""COMPUTED_VALUE"""),"✅") -> ✅ | I54: =IFERROR(__xludf.DUMMYFUNCTION("""COMPUTED_VALUE"""),"AllDefenses") -> AllDefenses | J54: =IFERROR(__xludf.DUMMYFUNCTION("""COMPUTED_VALUE"""),"Instructor Spock increases the Shield Deflection, Armor and Dodge of the ship by X.") -> Instructor Spock increases the Shield Deflection, Armor and Dodge of the ship by X.
D55: =IFERROR(__xludf.DUMMYFUNCTION("""COMPUTED_VALUE""")," U") -> U | E55: =IFERROR(__xludf.DUMMYFUNCTION("""COMPUTED_VALUE"""),"JAVAID") -> JAVAID | F55: =IFERROR(__xludf.DUMMYFUNCTION("""COMPUTED_VALUE"""),"CM") -> CM | G55: =IFERROR(__xludf.DUMMYFUNCTION("""COMPUTED_VALUE"""),"✅") -> ✅ | I55: =IFERROR(__xludf.DUMMYFUNCTION("""COMPUTED_VALUE"""),"ShieldPiercing") -> ShieldPiercing | J55: =IFERROR(__xludf.DUMMYFUNCTION("""COMPUTED_VALUE"""),"Javaid increases the Shield Piercing of the ship by X.") -> Javaid increases the Shield Piercing of the ship by X.
D56: =IFERROR(__xludf.DUMMYFUNCTION("""COMPUTED_VALUE""")," E") -> E | E56: =IFERROR(__xludf.DUMMYFUNCTION("""COMPUTED_VALUE"""),"JEAN-LUC PICARD") -> JEAN-LUC PICARD | F56: =IFERROR(__xludf.DUMMYFUNCTION("""COMPUTED_VALUE"""),"OA") -> OA | G56: =IFERROR(__xludf.DUMMYFUNCTION("""COMPUTED_VALUE"""),"✅") -> ✅ | I56: =IFERROR(__xludf.DUMMYFUNCTION("""COMPUTED_VALUE"""),"CritDamage") -> CritDamage | J56: =IFERROR(__xludf.DUMMYFUNCTION("""COMPUTED_VALUE"""),"Jean-Luc Picard increases your Critical Hit Damage by X.") -> Jean-Luc Picard increases your Critical Hit Damage by X.
D57: =IFERROR(__xludf.DUMMYFUNCTION("""COMPUTED_VALUE""")," R") -> R | E57: =IFERROR(__xludf.DUMMYFUNCTION("""COMPUTED_VALUE"""),"JOACHIM") -> JOACHIM | F57: =IFERROR(__xludf.DUMMYFUNCTION("""COMPUTED_VALUE"""),"CM") -> CM | G57: =IFERROR(__xludf.DUMMYFUNCTION("""COMPUTED_VALUE"""),"✅") -> ✅ | I57: =IFERROR(__xludf.DUMMYFUNCTION("""COMPUTED_VALUE"""),"AllDefenses") -> AllDefenses | J57: =IFERROR(__xludf.DUMMYFUNCTION("""COMPUTED_VALUE"""),"When attacking a Station, Joachim has X chances of greatly increasing the mitigation of the ship for the first round of combat.") -> When attacking a Station, Joachim has X chances of greatly increasing the mitigation of the ship for the first round of combat.
D58: =IFERROR(__xludf.DUMMYFUNCTION("""COMPUTED_VALUE""")," R") -> R | E58: =IFERROR(__xludf.DUMMYFUNCTION("""COMPUTED_VALUE"""),"JOACHIM") -> JOACHIM | F58: =IFERROR(__xludf.DUMMYFUNCTION("""COMPUTED_VALUE"""),"OA") -> OA | G58: =IFERROR(__xludf.DUMMYFUNCTION("""COMPUTED_VALUE"""),"✅") -> ✅ | I58: =IFERROR(__xludf.DUMMYFUNCTION("""COMPUTED_VALUE"""),"AllDamage") -> AllDamage | J58: =IFERROR(__xludf.DUMMYFUNCTION("""COMPUTED_VALUE"""),"When attacking a Station, Joachim decreases the Weapon Damage of all opponent's Ships and Defense Platforms by X") -> When attacking a Station, Joachim decreases the Weapon Damage of all opponent's Ships and Defense Platforms by X
D59: =IFERROR(__xludf.DUMMYFUNCTION("""COMPUTED_VALUE""")," E") -> E | E59: =IFERROR(__xludf.DUMMYFUNCTION("""COMPUTED_VALUE"""),"JONATHAN ARCHER") -> JONATHAN ARCHER | F59: =IFERROR(__xludf.DUMMYFUNCTION("""COMPUTED_VALUE"""),"OA") -> OA | G59: =IFERROR(__xludf.DUMMYFUNCTION("""COMPUTED_VALUE"""),"✅") -> ✅ | I59: =IFERROR(__xludf.DUMMYFUNCTION("""COMPUTED_VALUE"""),"CritDamage") -> CritDamage | J59: =IFERROR(__xludf.DUMMYFUNCTION("""COMPUTED_VALUE"""),"When you take damage from a hostile or another player, Jonathan Archer increases your Critical Hit damage by X (X at rank X) for 2 rounds. (This ability can stack) (Does not trigger at Armadas or Assaults) (Weapons with multiple shots will only trigger th"&"is ability once per attack)") -> When you take damage from a hostile or another player, Jonathan Archer increases your Critical Hit damage by X (X at rank X) for 2 rounds. (This ability can stack) (Does not trigger at Armadas or Assaults) (Weapons with multiple shots will only trigger this ability once per attack)
D60: =IFERROR(__xludf.DUMMYFUNCTION("""COMPUTED_VALUE""")," E") -> E | E60: =IFERROR(__xludf.DUMMYFUNCTION("""COMPUTED_VALUE"""),"KANG") -> KANG | F60: =IFERROR(__xludf.DUMMYFUNCTION("""COMPUTED_VALUE"""),"CM") -> CM | G60: =IFERROR(__xludf.DUMMYFUNCTION("""COMPUTED_VALUE"""),"✅") -> ✅ | I60: =IFERROR(__xludf.DUMMYFUNCTION("""COMPUTED_VALUE"""),"AddState") -> AddState | J60: =IFERROR(__xludf.DUMMYFUNCTION("""COMPUTED_VALUE"""),"At the start of battle, Kang has a X chance of dealing a Hull Breach to the opponent for 3 rounds.") -> At the start of battle, Kang has a X chance of dealing a Hull Breach to the opponent for 3 rounds.
D61: =IFERROR(__xludf.DUMMYFUNCTION("""COMPUTED_VALUE""")," E") -> E | E61: =IFERROR(__xludf.DUMMYFUNCTION("""COMPUTED_VALUE"""),"KANG") -> KANG | F61: =IFERROR(__xludf.DUMMYFUNCTION("""COMPUTED_VALUE"""),"OA") -> OA | G61: =IFERROR(__xludf.DUMMYFUNCTION("""COMPUTED_VALUE"""),"✅") -> ✅ | I61: =IFERROR(__xludf.DUMMYFUNCTION("""COMPUTED_VALUE"""),"Accuracy") -> Accuracy | J61: =IFERROR(__xludf.DUMMYFUNCTION("""COMPUTED_VALUE"""),"At the start of battle, Kang increases the Accuracy of the ship by X of the Attack of the crew on the ship.") -> At the start of battle, Kang increases the Accuracy of the ship by X of the Attack of the crew on the ship.
D62: =IFERROR(__xludf.DUMMYFUNCTION("""COMPUTED_VALUE""")," U") -> U | E62: =IFERROR(__xludf.DUMMYFUNCTION("""COMPUTED_VALUE"""),"KATI") -> KATI | F62: =IFERROR(__xludf.DUMMYFUNCTION("""COMPUTED_VALUE"""),"CM") -> CM | G62: =IFERROR(__xludf.DUMMYFUNCTION("""COMPUTED_VALUE"""),"✅") -> ✅ | I62: =IFERROR(__xludf.DUMMYFUNCTION("""COMPUTED_VALUE"""),"CritChance") -> CritChance | J62: =IFERROR(__xludf.DUMMYFUNCTION("""COMPUTED_VALUE"""),"At the start of each round, if the target of the ship is a Defense Platform, Kati increases the Chances of a Critical Hit by X for that round.") -> At the start of each round, if the target of the ship is a Defense Platform, Kati increases the Chances of a Critical Hit by X for that round.
D63: =IFERROR(__xludf.DUMMYFUNCTION("""COMPUTED_VALUE""")," U") -> U | E63: =IFERROR(__xludf.DUMMYFUNCTION("""COMPUTED_VALUE"""),"KATI") -> KATI | F63: =IFERROR(__xludf.DUMMYFUNCTION("""COMPUTED_VALUE"""),"OA") -> OA | G63: =IFERROR(__xludf.DUMMYFUNCTION("""COMPUTED_VALUE"""),"✅") -> ✅ | I63: =IFERROR(__xludf.DUMMYFUNCTION("""COMPUTED_VALUE"""),"CritDamage") -> CritDamage | J63: =IFERROR(__xludf.DUMMYFUNCTION("""COMPUTED_VALUE"""),"When attacking a Station, Kati increases the Critical Hit Damage by X.") -> When attacking a Station, Kati increases the Critical Hit Damage by X.
D64: =IFERROR(__xludf.DUMMYFUNCTION("""COMPUTED_VALUE""")," R") -> R | E64: =IFERROR(__xludf.DUMMYFUNCTION("""COMPUTED_VALUE"""),"KEENSER") -> KEENSER | F64: =IFERROR(__xludf.DUMMYFUNCTION("""COMPUTED_VALUE"""),"CM") -> CM | G64: =IFERROR(__xludf.DUMMYFUNCTION("""COMPUTED_VALUE"""),"✅") -> ✅ | I64: =IFERROR(__xludf.DUMMYFUNCTION("""COMPUTED_VALUE"""),"HullHPMax") -> HullHPMax | J64: =IFERROR(__xludf.DUMMYFUNCTION("""COMPUTED_VALUE"""),"As long as it is in the Station, Keenser increases the Hull Health of the ship by X.") -> As long as it is in the Station, Keenser increases the Hull Health of the ship by X.
D65: =IFERROR(__xludf.DUMMYFUNCTION("""COMPUTED_VALUE""")," R") -> R | E65: =IFERROR(__xludf.DUMMYFUNCTION("""COMPUTED_VALUE"""),"KEENSER") -> KEENSER | F65: =IFERROR(__xludf.DUMMYFUNCTION("""COMPUTED_VALUE"""),"OA") -> OA | G65: =IFERROR(__xludf.DUMMYFUNCTION("""COMPUTED_VALUE"""),"✅") -> ✅ | I65: =IFERROR(__xludf.DUMMYFUNCTION("""COMPUTED_VALUE"""),"ShieldHPMax") -> ShieldHPMax | J65: =IFERROR(__xludf.DUMMYFUNCTION("""COMPUTED_VALUE"""),"As long as it is in the station, Keenser increases the Shield Health of the ship by X.") -> As long as it is in the station, Keenser increases the Shield Health of the ship by X.
D66: =IFERROR(__xludf.DUMMYFUNCTION("""COMPUTED_VALUE""")," R") -> R | E66: =IFERROR(__xludf.DUMMYFUNCTION("""COMPUTED_VALUE"""),"KERLA") -> KERLA | F66: =IFERROR(__xludf.DUMMYFUNCTION("""COMPUTED_VALUE"""),"CM") -> CM | G66: =IFERROR(__xludf.DUMMYFUNCTION("""COMPUTED_VALUE"""),"✅") -> ✅ | I66: =IFERROR(__xludf.DUMMYFUNCTION("""COMPUTED_VALUE"""),"ShipDodge") -> ShipDodge | J66: =IFERROR(__xludf.DUMMYFUNCTION("""COMPUTED_VALUE"""),"When the shields are depleted during battle, Kerla increases the Dodge of the ship by X.") -> When the shields are depleted during battle, Kerla increases the Dodge of the ship by X.
D67: =IFERROR(__xludf.DUMMYFUNCTION("""COMPUTED_VALUE""")," E") -> E | E67: =IFERROR(__xludf.DUMMYFUNCTION("""COMPUTED_VALUE"""),"KHAN") -> KHAN | F67: =IFERROR(__xludf.DUMMYFUNCTION("""COMPUTED_VALUE"""),"CM") -> CM | G67: =IFERROR(__xludf.DUMMYFUNCTION("""COMPUTED_VALUE"""),"✅") -> ✅ | I67: =IFERROR(__xludf.DUMMYFUNCTION("""COMPUTED_VALUE"""),"AllDefenses") -> AllDefenses | J67: =IFERROR(__xludf.DUMMYFUNCTION("""COMPUTED_VALUE"""),"When attacking a Station, Khan has X chances of drastically reducing the mitigation of all opponent's ships and defense platforms for two rounds.") -> When attacking a Station, Khan has X chances of drastically reducing the mitigation of all opponent's ships and defense platforms for two rounds.
D68: =IFERROR(__xludf.DUMMYFUNCTION("""COMPUTED_VALUE""")," E") -> E | E68: =IFERROR(__xludf.DUMMYFUNCTION("""COMPUTED_VALUE"""),"KHAN") -> KHAN | F68: =IFERROR(__xludf.DUMMYFUNCTION("""COMPUTED_VALUE"""),"OA") -> OA | G68: =IFERROR(__xludf.DUMMYFUNCTION("""COMPUTED_VALUE"""),"✅") -> ✅ | I68: =IFERROR(__xludf.DUMMYFUNCTION("""COMPUTED_VALUE"""),"CritChance") -> CritChance | J68: =IFERROR(__xludf.DUMMYFUNCTION("""COMPUTED_VALUE"""),"Every time the Ship is hit by a Ship or Defense Platform weapon attack, Khan increases the Critical Hit Chances by X (cumulative). -- (Weapons with multiple shots will only trigger this ability once per attack.)") -> Every time the Ship is hit by a Ship or Defense Platform weapon attack, Khan increases the Critical Hit Chances by X (cumulative). -- (Weapons with multiple shots will only trigger this ability once per attack.)
B69: ='Infos - Start Here!'!B67 | D69: =IFERROR(__xludf.DUMMYFUNCTION("""COMPUTED_VALUE""")," R") -> R | E69: =IFERROR(__xludf.DUMMYFUNCTION("""COMPUTED_VALUE"""),"KIRA NERYS") -> KIRA NERYS | F69: =IFERROR(__xludf.DUMMYFUNCTION("""COMPUTED_VALUE"""),"BDA") -> BDA | G69: =IFERROR(__xludf.DUMMYFUNCTION("""COMPUTED_VALUE"""),"✅") -> ✅ | I69: =IFERROR(__xludf.DUMMYFUNCTION("""COMPUTED_VALUE"""),"CritChance") -> CritChance | J69: =IFERROR(__xludf.DUMMYFUNCTION("""COMPUTED_VALUE"""),"Kira Nerys reduces opponent player Critical Hit Chance by X.") -> Kira Nerys reduces opponent player Critical Hit Chance by X.
D70: =IFERROR(__xludf.DUMMYFUNCTION("""COMPUTED_VALUE""")," E") -> E | E70: =IFERROR(__xludf.DUMMYFUNCTION("""COMPUTED_VALUE"""),"KIRK") -> KIRK | F70: =IFERROR(__xludf.DUMMYFUNCTION("""COMPUTED_VALUE"""),"OA") -> OA | G70: =IFERROR(__xludf.DUMMYFUNCTION("""COMPUTED_VALUE"""),"✅") -> ✅ | I70: =IFERROR(__xludf.DUMMYFUNCTION("""COMPUTED_VALUE"""),"AddState") -> AddState | J70: =IFERROR(__xludf.DUMMYFUNCTION("""COMPUTED_VALUE"""),"At the beginning of each round, Kirk has a X chance of inspiring Morale to the ship for 2 rounds.") -> At the beginning of each round, Kirk has a X chance of inspiring Morale to the ship for 2 rounds.
D71: =IFERROR(__xludf.DUMMYFUNCTION("""COMPUTED_VALUE""")," U") -> U | E71: =IFERROR(__xludf.DUMMYFUNCTION("""COMPUTED_VALUE"""),"KLAA") -> KLAA | F71: =IFERROR(__xludf.DUMMYFUNCTION("""COMPUTED_VALUE"""),"OA") -> OA | G71: =IFERROR(__xludf.DUMMYFUNCTION("""COMPUTED_VALUE"""),"✅") -> ✅ | I71: =IFERROR(__xludf.DUMMYFUNCTION("""COMPUTED_VALUE"""),"CritDamage") -> CritDamage | J71: =IFERROR(__xludf.DUMMYFUNCTION("""COMPUTED_VALUE"""),"Klaa increases the Critical Hit Damage of the ship by X.") -> Klaa increases the Critical Hit Damage of the ship by X.
D72: =IFERROR(__xludf.DUMMYFUNCTION("""COMPUTED_VALUE""")," E") -> E | E72: =IFERROR(__xludf.DUMMYFUNCTION("""COMPUTED_VALUE"""),"KRAS") -> KRAS | F72: =IFERROR(__xludf.DUMMYFUNCTION("""COMPUTED_VALUE"""),"CM") -> CM | G72: =IFERROR(__xludf.DUMMYFUNCTION("""COMPUTED_VALUE"""),"✅") -> ✅ | I72: =IFERROR(__xludf.DUMMYFUNCTION("""COMPUTED_VALUE"""),"CptManeuverEffect") -> CptManeuverEffect | J72: =IFERROR(__xludf.DUMMYFUNCTION("""COMPUTED_VALUE"""),"Kras decreases the effectiveness of the opponent's Captain's Maneuver by X.") -> Kras decreases the effectiveness of the opponent's Captain's Maneuver by X.
D73: =IFERROR(__xludf.DUMMYFUNCTION("""COMPUTED_VALUE""")," E") -> E | E73: =IFERROR(__xludf.DUMMYFUNCTION("""COMPUTED_VALUE"""),"KRAS") -> KRAS | F73: =IFERROR(__xludf.DUMMYFUNCTION("""COMPUTED_VALUE"""),"OA") -> OA | G73: =IFERROR(__xludf.DUMMYFUNCTION("""COMPUTED_VALUE"""),"✅") -> ✅ | I73: =IFERROR(__xludf.DUMMYFUNCTION("""COMPUTED_VALUE"""),"OfficerStatAll") -> OfficerStatAll | J73: =IFERROR(__xludf.DUMMYFUNCTION("""COMPUTED_VALUE"""),"Kras decreases the Attack, Defense and Health of all the Officers on the Bridge of the opponent's ship by X.") -> Kras decreases the Attack, Defense and Health of all the Officers on the Bridge of the opponent's ship by X.
D74: =IFERROR(__xludf.DUMMYFUNCTION("""COMPUTED_VALUE""")," R") -> R | E74: =IFERROR(__xludf.DUMMYFUNCTION("""COMPUTED_VALUE"""),"KRELL") -> KRELL | F74: =IFERROR(__xludf.DUMMYFUNCTION("""COMPUTED_VALUE"""),"CM") -> CM | G74: =IFERROR(__xludf.DUMMYFUNCTION("""COMPUTED_VALUE"""),"✅") -> ✅ | I74: =IFERROR(__xludf.DUMMYFUNCTION("""COMPUTED_VALUE"""),"AddState") -> AddState | J74: =IFERROR(__xludf.DUMMYFUNCTION("""COMPUTED_VALUE"""),"Every time the ship loses Shield Health from a weapon attack, Krell has a X chance of dealing a Hull Breach to the opponent for 1 round. -- (Weapons with multiple shots will only trigger this maneuver once per attack.)") -> Every time the ship loses Shield Health from a weapon attack, Krell has a X chance of dealing a Hull Breach to the opponent for 1 round. -- (Weapons with multiple shots will only trigger this maneuver once per attack.)
D75: =IFERROR(__xludf.DUMMYFUNCTION("""COMPUTED_VALUE""")," R") -> R | E75: =IFERROR(__xludf.DUMMYFUNCTION("""COMPUTED_VALUE"""),"KUMAK") -> KUMAK | F75: =IFERROR(__xludf.DUMMYFUNCTION("""COMPUTED_VALUE"""),"CM") -> CM | G75: =IFERROR(__xludf.DUMMYFUNCTION("""COMPUTED_VALUE"""),"✅") -> ✅ | I75: =IFERROR(__xludf.DUMMYFUNCTION("""COMPUTED_VALUE"""),"OfficerStatAll") -> OfficerStatAll | J75: =IFERROR(__xludf.DUMMYFUNCTION("""COMPUTED_VALUE"""),"At the beginning of each round, Kumak increases the stats of all Officers on the ship by X.") -> At the beginning of each round, Kumak increases the stats of all Officers on the ship by X.
D76: =IFERROR(__xludf.DUMMYFUNCTION("""COMPUTED_VALUE""")," U") -> U | E76: =IFERROR(__xludf.DUMMYFUNCTION("""COMPUTED_VALUE"""),"L'NAR") -> L'NAR | F76: =IFERROR(__xludf.DUMMYFUNCTION("""COMPUTED_VALUE"""),"CM") -> CM | G76: =IFERROR(__xludf.DUMMYFUNCTION("""COMPUTED_VALUE"""),"✅") -> ✅ | I76: =IFERROR(__xludf.DUMMYFUNCTION("""COMPUTED_VALUE"""),"OfficerStatHealth") -> OfficerStatHealth | J76: =IFERROR(__xludf.DUMMYFUNCTION("""COMPUTED_VALUE"""),"L'Nar increases the Health of the Officers on the Bridge by X.") -> L'Nar increases the Health of the Officers on the Bridge by X.
D77: =IFERROR(__xludf.DUMMYFUNCTION("""COMPUTED_VALUE""")," R") -> R | E77: =IFERROR(__xludf.DUMMYFUNCTION("""COMPUTED_VALUE"""),"LIEUTENANT PICARD") -> LIEUTENANT PICARD | F77: =IFERROR(__xludf.DUMMYFUNCTION("""COMPUTED_VALUE"""),"OA") -> OA | G77: =IFERROR(__xludf.DUMMYFUNCTION("""COMPUTED_VALUE"""),"✅") -> ✅ | I77: =IFERROR(__xludf.DUMMYFUNCTION("""COMPUTED_VALUE"""),"ShieldHPMax") -> ShieldHPMax | J77: =IFERROR(__xludf.DUMMYFUNCTION("""COMPUTED_VALUE"""),"+X to the Shield Health") -> +X to the Shield Health
D78: =IFERROR(__xludf.DUMMYFUNCTION("""COMPUTED_VALUE""")," U") -> U | E78: =IFERROR(__xludf.DUMMYFUNCTION("""COMPUTED_VALUE"""),"LINKASA") -> LINKASA | F78: =IFERROR(__xludf.DUMMYFUNCTION("""COMPUTED_VALUE"""),"CM") -> CM | G78: =IFERROR(__xludf.DUMMYFUNCTION("""COMPUTED_VALUE"""),"✅") -> ✅ | I78: =IFERROR(__xludf.DUMMYFUNCTION("""COMPUTED_VALUE"""),"OfficerStatDefense") -> OfficerStatDefense | J78: =IFERROR(__xludf.DUMMYFUNCTION("""COMPUTED_VALUE"""),"After winning a battle, Linkasa increases the Defense of all the Officers on the ship by X.") -> After winning a battle, Linkasa increases the Defense of all the Officers on the ship by X.
D79: =IFERROR(__xludf.DUMMYFUNCTION("""COMPUTED_VALUE""")," U") -> U | E79: =IFERROR(__xludf.DUMMYFUNCTION("""COMPUTED_VALUE"""),"LINKASA") -> LINKASA | F79: =IFERROR(__xludf.DUMMYFUNCTION("""COMPUTED_VALUE"""),"OA") -> OA | G79: =IFERROR(__xludf.DUMMYFUNCTION("""COMPUTED_VALUE"""),"✅") -> ✅ | I79: =IFERROR(__xludf.DUMMYFUNCTION("""COMPUTED_VALUE"""),"ShipArmor") -> ShipArmor | J79: =IFERROR(__xludf.DUMMYFUNCTION("""COMPUTED_VALUE"""),"At the start of combat, Linkasa increases the Armor of the ship by X of the total Attack of the crew.") -> At the start of combat, Linkasa increases the Armor of the ship by X of the total Attack of the crew.
D80: =IFERROR(__xludf.DUMMYFUNCTION("""COMPUTED_VALUE""")," E") -> E | E80: =IFERROR(__xludf.DUMMYFUNCTION("""COMPUTED_VALUE"""),"LORCA") -> LORCA | F80: =IFERROR(__xludf.DUMMYFUNCTION("""COMPUTED_VALUE"""),"OA") -> OA | G80: =IFERROR(__xludf.DUMMYFUNCTION("""COMPUTED_VALUE"""),"✅") -> ✅ | I80: =IFERROR(__xludf.DUMMYFUNCTION("""COMPUTED_VALUE"""),"AddState") -> AddState | J80: =IFERROR(__xludf.DUMMYFUNCTION("""COMPUTED_VALUE"""),"At the beginning of each round, Lorca has a X chance of dealing Hull Breach to the opponent's ship for 2 rounds.") -> At the beginning of each round, Lorca has a X chance of dealing Hull Breach to the opponent's ship for 2 rounds.
D81: =IFERROR(__xludf.DUMMYFUNCTION("""COMPUTED_VALUE""")," U") -> U | E81: =IFERROR(__xludf.DUMMYFUNCTION("""COMPUTED_VALUE"""),"LURSA") -> LURSA | F81: =IFERROR(__xludf.DUMMYFUNCTION("""COMPUTED_VALUE"""),"OA") -> OA | G81: =IFERROR(__xludf.DUMMYFUNCTION("""COMPUTED_VALUE"""),"✅") -> ✅ | I81: =IFERROR(__xludf.DUMMYFUNCTION("""COMPUTED_VALUE"""),"AllDamage") -> AllDamage | J81: =IFERROR(__xludf.DUMMYFUNCTION("""COMPUTED_VALUE"""),"When attacking other players, Lursa decreases the opponent's Weapon Damage by X.") -> When attacking other players, Lursa decreases the opponent's Weapon Damage by X.
D82: =IFERROR(__xludf.DUMMYFUNCTION("""COMPUTED_VALUE""")," C") -> C | E82: =IFERROR(__xludf.DUMMYFUNCTION("""COMPUTED_VALUE"""),"M'BENGA") -> M'BENGA | F82: =IFERROR(__xludf.DUMMYFUNCTION("""COMPUTED_VALUE"""),"CM") -> CM | G82: =IFERROR(__xludf.DUMMYFUNCTION("""COMPUTED_VALUE"""),"✅") -> ✅ | I82: =IFERROR(__xludf.DUMMYFUNCTION("""COMPUTED_VALUE"""),"AllPiercing") -> AllPiercing | J82: =IFERROR(__xludf.DUMMYFUNCTION("""COMPUTED_VALUE"""),"When defending the Station, M'Benga increases the Armor Piercing, Shield Piercing and Accuracy of the ship by X.") -> When defending the Station, M'Benga increases the Armor Piercing, Shield Piercing and Accuracy of the ship by X.
D83: =IFERROR(__xludf.DUMMYFUNCTION("""COMPUTED_VALUE""")," C") -> C | E83: =IFERROR(__xludf.DUMMYFUNCTION("""COMPUTED_VALUE"""),"M'BENGA") -> M'BENGA | F83: =IFERROR(__xludf.DUMMYFUNCTION("""COMPUTED_VALUE"""),"OA") -> OA | G83: =IFERROR(__xludf.DUMMYFUNCTION("""COMPUTED_VALUE"""),"✅") -> ✅ | I83: =IFERROR(__xludf.DUMMYFUNCTION("""COMPUTED_VALUE"""),"AllDefenses") -> AllDefenses | J83: =IFERROR(__xludf.DUMMYFUNCTION("""COMPUTED_VALUE"""),"When defending the station, M'Benga increases Dodge, Armor and Shield Deflection by X.") -> When defending the station, M'Benga increases Dodge, Armor and Shield Deflection by X.
D84: =IFERROR(__xludf.DUMMYFUNCTION("""COMPUTED_VALUE""")," U") -> U | E84: =IFERROR(__xludf.DUMMYFUNCTION("""COMPUTED_VALUE"""),"M'RAL") -> M'RAL | F84: =IFERROR(__xludf.DUMMYFUNCTION("""COMPUTED_VALUE"""),"CM") -> CM | G84: =IFERROR(__xludf.DUMMYFUNCTION("""COMPUTED_VALUE"""),"✅") -> ✅ | I84: =IFERROR(__xludf.DUMMYFUNCTION("""COMPUTED_VALUE"""),"ArmorPiercing") -> ArmorPiercing | J84: =IFERROR(__xludf.DUMMYFUNCTION("""COMPUTED_VALUE"""),"M'ral increases the Armor Piercing of the ship by X.") -> M'ral increases the Armor Piercing of the ship by X.
D85: =IFERROR(__xludf.DUMMYFUNCTION("""COMPUTED_VALUE""")," U") -> U | E85: =IFERROR(__xludf.DUMMYFUNCTION("""COMPUTED_VALUE"""),"M'RAL") -> M'RAL | F85: =IFERROR(__xludf.DUMMYFUNCTION("""COMPUTED_VALUE"""),"OA") -> OA | G85: =IFERROR(__xludf.DUMMYFUNCTION("""COMPUTED_VALUE"""),"✅") -> ✅ | I85: =IFERROR(__xludf.DUMMYFUNCTION("""COMPUTED_VALUE"""),"OfficerStatAttack") -> OfficerStatAttack | J85: =IFERROR(__xludf.DUMMYFUNCTION("""COMPUTED_VALUE"""),"M'ral increases the total Attack of all Officers on the bridge by X.") -> M'ral increases the total Attack of all Officers on the bridge by X.
D86: =IFERROR(__xludf.DUMMYFUNCTION("""COMPUTED_VALUE""")," E") -> E | E86: =IFERROR(__xludf.DUMMYFUNCTION("""COMPUTED_VALUE"""),"MARCUS") -> MARCUS | F86: =IFERROR(__xludf.DUMMYFUNCTION("""COMPUTED_VALUE"""),"OA") -> OA | G86: =IFERROR(__xludf.DUMMYFUNCTION("""COMPUTED_VALUE"""),"✅") -> ✅ | I86: =IFERROR(__xludf.DUMMYFUNCTION("""COMPUTED_VALUE"""),"ShieldPiercing") -> ShieldPiercing | J86: =IFERROR(__xludf.DUMMYFUNCTION("""COMPUTED_VALUE"""),"At the start of battle, Alexander Marcus increases the Shield Piercing of the ship by X of the Defense of the crew on the ship.") -> At the start of battle, Alexander Marcus increases the Shield Piercing of the ship by X of the Defense of the crew on the ship.
D87: =IFERROR(__xludf.DUMMYFUNCTION("""COMPUTED_VALUE""")," R") -> R | E87: =IFERROR(__xludf.DUMMYFUNCTION("""COMPUTED_VALUE"""),"MARLA") -> MARLA | F87: =IFERROR(__xludf.DUMMYFUNCTION("""COMPUTED_VALUE"""),"OA") -> OA | G87: =IFERROR(__xludf.DUMMYFUNCTION("""COMPUTED_VALUE"""),"✅") -> ✅ | I87: =IFERROR(__xludf.DUMMYFUNCTION("""COMPUTED_VALUE"""),"OfficerStatAll") -> OfficerStatAll | J87: =IFERROR(__xludf.DUMMYFUNCTION("""COMPUTED_VALUE"""),"Marla increases the Attack, Defense and Health of the captain by X") -> Marla increases the Attack, Defense and Health of the captain by X
D88: =IFERROR(__xludf.DUMMYFUNCTION("""COMPUTED_VALUE""")," R") -> R | E88: =IFERROR(__xludf.DUMMYFUNCTION("""COMPUTED_VALUE"""),"MARTOK") -> MARTOK | F88: =IFERROR(__xludf.DUMMYFUNCTION("""COMPUTED_VALUE"""),"OA") -> OA | G88: =IFERROR(__xludf.DUMMYFUNCTION("""COMPUTED_VALUE"""),"✅") -> ✅ | I88: =IFERROR(__xludf.DUMMYFUNCTION("""COMPUTED_VALUE"""),"ShipDodge") -> ShipDodge | J88: =IFERROR(__xludf.DUMMYFUNCTION("""COMPUTED_VALUE"""),"Martok increases the ship's Dodge by X of total Crew Defense.") -> Martok increases the ship's Dodge by X of total Crew Defense.
D89: =IFERROR(__xludf.DUMMYFUNCTION("""COMPUTED_VALUE""")," E") -> E | E89: =IFERROR(__xludf.DUMMYFUNCTION("""COMPUTED_VALUE"""),"MICHAEL BURNHAM") -> MICHAEL BURNHAM | F89: =IFERROR(__xludf.DUMMYFUNCTION("""COMPUTED_VALUE"""),"OA") -> OA | G89: =IFERROR(__xludf.DUMMYFUNCTION("""COMPUTED_VALUE"""),"✅") -> ✅ | I89: =IFERROR(__xludf.DUMMYFUNCTION("""COMPUTED_VALUE"""),"ShieldHPRepair") -> ShieldHPRepair | J89: =IFERROR(__xludf.DUMMYFUNCTION("""COMPUTED_VALUE"""),"When fighting players, for each weapon attack that hits the opponent, Michael Burnham removes X of the total Attack of all Officers on your Ship from the opponent's Shield Health. -- (Weapons with multiple shots will only trigger this ability once per att"&"ack.)") -> When fighting players, for each weapon attack that hits the opponent, Michael Burnham removes X of the total Attack of all Officers on your Ship from the opponent's Shield Health. -- (Weapons with multiple shots will only trigger this ability once per attack.)
D90: =IFERROR(__xludf.DUMMYFUNCTION("""COMPUTED_VALUE""")," R") -> R | E90: =IFERROR(__xludf.DUMMYFUNCTION("""COMPUTED_VALUE"""),"MIREK") -> MIREK | F90: =IFERROR(__xludf.DUMMYFUNCTION("""COMPUTED_VALUE"""),"CM") -> CM | G90: =IFERROR(__xludf.DUMMYFUNCTION("""COMPUTED_VALUE"""),"✅") -> ✅ | I90: =IFERROR(__xludf.DUMMYFUNCTION("""COMPUTED_VALUE"""),"AddState") -> AddState | J90: =IFERROR(__xludf.DUMMYFUNCTION("""COMPUTED_VALUE"""),"Every time the ship gets hit by a weapon attack, Mirek has a X chance of Burning the opponent's ship for 1 round. -- (Weapons with multiple shots will only trigger this maneuver once per attack.)") -> Every time the ship gets hit by a weapon attack, Mirek has a X chance of Burning the opponent's ship for 1 round. -- (Weapons with multiple shots will only trigger this maneuver once per attack.)
D91: =IFERROR(__xludf.DUMMYFUNCTION("""COMPUTED_VALUE""")," R") -> R | E91: =IFERROR(__xludf.DUMMYFUNCTION("""COMPUTED_VALUE"""),"MIRROR DATA") -> MIRROR DATA | F91: =IFERROR(__xludf.DUMMYFUNCTION("""COMPUTED_VALUE"""),"OA") -> OA | G91: =IFERROR(__xludf.DUMMYFUNCTION("""COMPUTED_VALUE"""),"✅") -> ✅ | I91: =IFERROR(__xludf.DUMMYFUNCTION("""COMPUTED_VALUE"""),"AddState") -> AddState | J91: =IFERROR(__xludf.DUMMYFUNCTION("""COMPUTED_VALUE"""),"On round start against players, Mirror Data has X (X at rank X) chance to apply Assimilate to them for 2 rounds. -- While a ship is affected by the Assimilate state, Officer Abilities have their effectiveness reduced by 25%.") -> On round start against players, Mirror Data has X (X at rank X) chance to apply Assimilate to them for 2 rounds. -- While a ship is affected by the Assimilate state, Officer Abilities have their effectiveness reduced by 25%.
D92: =IFERROR(__xludf.DUMMYFUNCTION("""COMPUTED_VALUE""")," E") -> E | E92: =IFERROR(__xludf.DUMMYFUNCTION("""COMPUTED_VALUE"""),"MIRROR PICARD") -> MIRROR PICARD | F92: =IFERROR(__xludf.DUMMYFUNCTION("""COMPUTED_VALUE"""),"CM") -> CM | G92: =IFERROR(__xludf.DUMMYFUNCTION("""COMPUTED_VALUE"""),"✅") -> ✅ | I92: =IFERROR(__xludf.DUMMYFUNCTION("""COMPUTED_VALUE"""),"IsolyticDamage") -> IsolyticDamage | J92: =IFERROR(__xludf.DUMMYFUNCTION("""COMPUTED_VALUE"""),"On round start against players, Mirror Picard increases your Isolytic Cascade damage by X for 2 rounds. -- Isolytic Cascade multiplies your total damage, including Isolytic Damage, and all research and other bonuses.") -> On round start against players, Mirror Picard increases your Isolytic Cascade damage by X for 2 rounds. -- Isolytic Cascade multiplies your total damage, including Isolytic Damage, and all research and other bonuses.
D93: =IFERROR(__xludf.DUMMYFUNCTION("""COMPUTED_VALUE""")," E") -> E | E93: =IFERROR(__xludf.DUMMYFUNCTION("""COMPUTED_VALUE"""),"MITCHELL") -> MITCHELL | F93: =IFERROR(__xludf.DUMMYFUNCTION("""COMPUTED_VALUE"""),"CM") -> CM | G93: =IFERROR(__xludf.DUMMYFUNCTION("""COMPUTED_VALUE"""),"✅") -> ✅ | I93: =IFERROR(__xludf.DUMMYFUNCTION("""COMPUTED_VALUE"""),"OfficerStatAll") -> OfficerStatAll | J93: =IFERROR(__xludf.DUMMYFUNCTION("""COMPUTED_VALUE"""),"Mitchell increases the Stats of all Officers on Board by X when defending the Station.") -> Mitchell increases the Stats of all Officers on Board by X when defending the Station.
D94: =IFERROR(__xludf.DUMMYFUNCTION("""COMPUTED_VALUE""")," E") -> E | E94: =IFERROR(__xludf.DUMMYFUNCTION("""COMPUTED_VALUE"""),"MITCHELL") -> MITCHELL | F94: =IFERROR(__xludf.DUMMYFUNCTION("""COMPUTED_VALUE"""),"OA") -> OA | G94: =IFERROR(__xludf.DUMMYFUNCTION("""COMPUTED_VALUE"""),"✅") -> ✅ | I94: =IFERROR(__xludf.DUMMYFUNCTION("""COMPUTED_VALUE"""),"AllDamage") -> AllDamage | J94: =IFERROR(__xludf.DUMMYFUNCTION("""COMPUTED_VALUE"""),"When getting hit by a Critical Hit, Mitchell increases the ship Weapon Damage by X for one round.") -> When getting hit by a Critical Hit, Mitchell increases the ship Weapon Damage by X for one round.
D95: =IFERROR(__xludf.DUMMYFUNCTION("""COMPUTED_VALUE""")," R") -> R | E95: =IFERROR(__xludf.DUMMYFUNCTION("""COMPUTED_VALUE"""),"MOREAU") -> MOREAU | F95: =IFERROR(__xludf.DUMMYFUNCTION("""COMPUTED_VALUE"""),"CM") -> CM | G95: =IFERROR(__xludf.DUMMYFUNCTION("""COMPUTED_VALUE"""),"✅") -> ✅ | I95: =IFERROR(__xludf.DUMMYFUNCTION("""COMPUTED_VALUE"""),"ShieldHPRepair") -> ShieldHPRepair | J95: =IFERROR(__xludf.DUMMYFUNCTION("""COMPUTED_VALUE"""),"After winning a battle, Moreau heals the Shield Health by X.") -> After winning a battle, Moreau heals the Shield Health by X.
D96: =IFERROR(__xludf.DUMMYFUNCTION("""COMPUTED_VALUE""")," E") -> E | E96: =IFERROR(__xludf.DUMMYFUNCTION("""COMPUTED_VALUE"""),"NERO") -> NERO | F96: =IFERROR(__xludf.DUMMYFUNCTION("""COMPUTED_VALUE"""),"OA") -> OA | G96: =IFERROR(__xludf.DUMMYFUNCTION("""COMPUTED_VALUE"""),"✅") -> ✅ | I96: =IFERROR(__xludf.DUMMYFUNCTION("""COMPUTED_VALUE"""),"AddState") -> AddState | J96: =IFERROR(__xludf.DUMMYFUNCTION("""COMPUTED_VALUE"""),"Every time the ship strikes the opponent with a weapon attack, Nero has a X chance of Burning it for two rounds.") -> Every time the ship strikes the opponent with a weapon attack, Nero has a X chance of Burning it for two rounds.
D97: =IFERROR(__xludf.DUMMYFUNCTION("""COMPUTED_VALUE""")," C") -> C | E97: =IFERROR(__xludf.DUMMYFUNCTION("""COMPUTED_VALUE"""),"NEXT GEN CRUSHER") -> NEXT GEN CRUSHER | F97: =IFERROR(__xludf.DUMMYFUNCTION("""COMPUTED_VALUE"""),"CM") -> CM | G97: =IFERROR(__xludf.DUMMYFUNCTION("""COMPUTED_VALUE"""),"✅") -> ✅ | I97: =IFERROR(__xludf.DUMMYFUNCTION("""COMPUTED_VALUE"""),"OfficerStatHealth") -> OfficerStatHealth | J97: =IFERROR(__xludf.DUMMYFUNCTION("""COMPUTED_VALUE"""),"Next Gen Crusher increases the Health of all Officers on the ship by X.") -> Next Gen Crusher increases the Health of all Officers on the ship by X.
D98: =IFERROR(__xludf.DUMMYFUNCTION("""COMPUTED_VALUE""")," C") -> C | E98: =IFERROR(__xludf.DUMMYFUNCTION("""COMPUTED_VALUE"""),"NEXT GEN CRUSHER") -> NEXT GEN CRUSHER | F98: =IFERROR(__xludf.DUMMYFUNCTION("""COMPUTED_VALUE"""),"OA") -> OA | G98: =IFERROR(__xludf.DUMMYFUNCTION("""COMPUTED_VALUE"""),"✅") -> ✅ | I98: =IFERROR(__xludf.DUMMYFUNCTION("""COMPUTED_VALUE"""),"CptManeuverEffect") -> CptManeuverEffect | J98: =IFERROR(__xludf.DUMMYFUNCTION("""COMPUTED_VALUE"""),"During combat, Next Gen Crusher increases the effectiveness of the Captain Maneuver by X.") -> During combat, Next Gen Crusher increases the effectiveness of the Captain Maneuver by X.
D99: =IFERROR(__xludf.DUMMYFUNCTION("""COMPUTED_VALUE""")," C") -> C | E99: =IFERROR(__xludf.DUMMYFUNCTION("""COMPUTED_VALUE"""),"NEXT GEN DATA") -> NEXT GEN DATA | F99: =IFERROR(__xludf.DUMMYFUNCTION("""COMPUTED_VALUE"""),"CM") -> CM | G99: =IFERROR(__xludf.DUMMYFUNCTION("""COMPUTED_VALUE"""),"✅") -> ✅ | I99: =IFERROR(__xludf.DUMMYFUNCTION("""COMPUTED_VALUE"""),"OfficerStatAll") -> OfficerStatAll | J99: =IFERROR(__xludf.DUMMYFUNCTION("""COMPUTED_VALUE"""),"Next Gen Data increases the Attack, Defense and Health of all Officers on the Bridge by X.") -> Next Gen Data increases the Attack, Defense and Health of all Officers on the Bridge by X.
D100: =IFERROR(__xludf.DUMMYFUNCTION("""COMPUTED_VALUE""")," C") -> C | E100: =IFERROR(__xludf.DUMMYFUNCTION("""COMPUTED_VALUE"""),"NEXT GEN DATA") -> NEXT GEN DATA | F100: =IFERROR(__xludf.DUMMYFUNCTION("""COMPUTED_VALUE"""),"OA") -> OA | G100: =IFERROR(__xludf.DUMMYFUNCTION("""COMPUTED_VALUE"""),"✅") -> ✅ | I100: =IFERROR(__xludf.DUMMYFUNCTION("""COMPUTED_VALUE"""),"AllDamage") -> AllDamage | J100: =IFERROR(__xludf.DUMMYFUNCTION("""COMPUTED_VALUE"""),"Next Gen Data increases the Weapon damage of the ship by X.") -> Next Gen Data increases the Weapon damage of the ship by X.
D101: =IFERROR(__xludf.DUMMYFUNCTION("""COMPUTED_VALUE""")," C") -> C | E101: =IFERROR(__xludf.DUMMYFUNCTION("""COMPUTED_VALUE"""),"NEXT GEN LA FORGE") -> NEXT GEN LA FORGE | F101: =IFERROR(__xludf.DUMMYFUNCTION("""COMPUTED_VALUE"""),"CM") -> CM | G101: =IFERROR(__xludf.DUMMYFUNCTION("""COMPUTED_VALUE"""),"✅") -> ✅ | I101: =IFERROR(__xludf.DUMMYFUNCTION("""COMPUTED_VALUE"""),"AllDamage") -> AllDamage | J101: =IFERROR(__xludf.DUMMYFUNCTION("""COMPUTED_VALUE"""),"Next Gen La Forge decreases the Weapon Damage of the opponent's ship by X.") -> Next Gen La Forge decreases the Weapon Damage of the opponent's ship by X.
D102: =IFERROR(__xludf.DUMMYFUNCTION("""COMPUTED_VALUE""")," C") -> C | E102: =IFERROR(__xludf.DUMMYFUNCTION("""COMPUTED_VALUE"""),"NEXT GEN LA FORGE") -> NEXT GEN LA FORGE | F102: =IFERROR(__xludf.DUMMYFUNCTION("""COMPUTED_VALUE"""),"OA") -> OA | G102: =IFERROR(__xludf.DUMMYFUNCTION("""COMPUTED_VALUE"""),"✅") -> ✅ | I102: =IFERROR(__xludf.DUMMYFUNCTION("""COMPUTED_VALUE"""),"ShieldHPMax") -> ShieldHPMax | J102: =IFERROR(__xludf.DUMMYFUNCTION("""COMPUTED_VALUE"""),"Next Gen La Forge increases the Shield Health of the ship by X.") -> Next Gen La Forge increases the Shield Health of the ship by X.
D103: =IFERROR(__xludf.DUMMYFUNCTION("""COMPUTED_VALUE""")," C") -> C | E103: =IFERROR(__xludf.DUMMYFUNCTION("""COMPUTED_VALUE"""),"NEXT GEN RIKER") -> NEXT GEN RIKER | F103: =IFERROR(__xludf.DUMMYFUNCTION("""COMPUTED_VALUE"""),"CM") -> CM | G103: =IFERROR(__xludf.DUMMYFUNCTION("""COMPUTED_VALUE"""),"✅") -> ✅ | I103: =IFERROR(__xludf.DUMMYFUNCTION("""COMPUTED_VALUE"""),"AllDamage") -> AllDamage | J103: =IFERROR(__xludf.DUMMYFUNCTION("""COMPUTED_VALUE"""),"Next Gen Riker increases the damage of the first shots of the ship by X for the first round.") -> Next Gen Riker increases the damage of the first shots of the ship by X for the first round.
...

Sheet CT&FT - Search 
G2: ='Infos - Start Here!'!G2 -> 1.4-RC M86 | H2: =CONCATENATE("RC - Release Candidate",REPT(" · β",200)) -> RC - Release Candidate · β · β · β · β · β · β · β · β · β · β · β · β · β · β · β · β · β · β · β · β · β · β · β · β · β · β · β · β · β · β · β · β · β · β · β · β · β · β · β · β · β · β · β · β · β · β · β · β · β · β · β · β · β · β · β · β · β · β · β · β · β · β · β · β · β · β · β · β · β · β · β · β · β · β · β · β · β · β · β · β · β · β · β · β · β · β · β · β · β · β · β · β · β · β · β · β · β · β · β · β · β · β · β · β · β · β · β · β · β · β · β · β · β · β · β · β · β · β · β · β · β · β · β · β · β · β · β · β · β · β · β · β · β · β · β · β · β · β · β · β · β · β · β · β · β · β · β · β · β · β · β · β · β · β · β · β · β · β · β · β · β · β · β · β · β · β · β · β · β · β · β · β · β · β · β · β · β · β · β · β · β · β · β · β · β · β · β · β · β · β · β · β · β · β · β · β · β · β · β · β
D4: ᐅ | E4: Outpost Retaliation Attackers | H4: Select the Target | J4: Sort Order: Works, Name, Ability #
D5: ᐅ | E5: CT - Chaos Tech | H5: Switch between FT or CT
D6: ᐅ | H6: Search term e.g Hull Breach, Attack, State,…
D8: =IFERROR(__xludf.DUMMYFUNCTION("Query( FILTER( FILTER(LCARS_Tech[#ALL] , CONDITION_ONE_OF_RANGE( LCARS_Tech[#HEADERS] , settings[Minimum]) +(LCARS_Tech[#HEADERS] = E4) ), ISNUMBER(SEARCH( E6, LCARS_Tech[[#ALL],[Ability Description]])) + (LCARS_Tech[[#ALL],[BuffID]]=""BuffID""), (LCARS_T"&"ech[[#ALL],[TechType]] = LEFT(E5, 2))+(LCARS_Tech[[#ALL],[BuffID]]=""BuffID"") ) , ""SELECT * WHERE Col4 != '➖' ORDER BY Col4, Col2, Col3"",1 )")," Rarity") -> Rarity | E8: =IFERROR(__xludf.DUMMYFUNCTION("""COMPUTED_VALUE"""),"TechName") -> TechName | H8: =IFERROR(__xludf.DUMMYFUNCTION("""COMPUTED_VALUE"""),"Reason") -> Reason | I8: =IFERROR(__xludf.DUMMYFUNCTION("""COMPUTED_VALUE"""),"Ability Modifier") -> Ability Modifier | J8: =IFERROR(__xludf.DUMMYFUNCTION("""COMPUTED_VALUE"""),"Ability Description") -> Ability Description
D9: =IFERROR(__xludf.DUMMYFUNCTION("""COMPUTED_VALUE""")," E") -> E | E9: =IFERROR(__xludf.DUMMYFUNCTION("""COMPUTED_VALUE"""),"C-12 Stasis Globe") -> C-12 Stasis Globe | F9: =IFERROR(__xludf.DUMMYFUNCTION("""COMPUTED_VALUE"""),3.0) -> 3 | G9: =IFERROR(__xludf.DUMMYFUNCTION("""COMPUTED_VALUE"""),"✅") -> ✅ | I9: =IFERROR(__xludf.DUMMYFUNCTION("""COMPUTED_VALUE"""),"HullHPMax") -> HullHPMax | J9: =IFERROR(__xludf.DUMMYFUNCTION("""COMPUTED_VALUE"""),"Increases base HHP by X.") -> Increases base HHP by X.
D10: =IFERROR(__xludf.DUMMYFUNCTION("""COMPUTED_VALUE""")," R") -> R | E10: =IFERROR(__xludf.DUMMYFUNCTION("""COMPUTED_VALUE"""),"Genesis Device") -> Genesis Device | F10: =IFERROR(__xludf.DUMMYFUNCTION("""COMPUTED_VALUE"""),3.0) -> 3 | G10: =IFERROR(__xludf.DUMMYFUNCTION("""COMPUTED_VALUE"""),"✅") -> ✅ | I10: =IFERROR(__xludf.DUMMYFUNCTION("""COMPUTED_VALUE"""),"ShieldHPMax") -> ShieldHPMax | J10: =IFERROR(__xludf.DUMMYFUNCTION("""COMPUTED_VALUE"""),"Increases base SHP by X.") -> Increases base SHP by X.
D11: =IFERROR(__xludf.DUMMYFUNCTION("""COMPUTED_VALUE""")," R") -> R | E11: =IFERROR(__xludf.DUMMYFUNCTION("""COMPUTED_VALUE"""),"Mark VI Photon Torpedo") -> Mark VI Photon Torpedo | F11: =IFERROR(__xludf.DUMMYFUNCTION("""COMPUTED_VALUE"""),3.0) -> 3 | G11: =IFERROR(__xludf.DUMMYFUNCTION("""COMPUTED_VALUE"""),"✅") -> ✅ | I11: =IFERROR(__xludf.DUMMYFUNCTION("""COMPUTED_VALUE"""),"HullHPMax") -> HullHPMax | J11: =IFERROR(__xludf.DUMMYFUNCTION("""COMPUTED_VALUE"""),"Increases base Hull Health by X.") -> Increases base Hull Health by X.
D12: =IFERROR(__xludf.DUMMYFUNCTION("""COMPUTED_VALUE""")," R") -> R | E12: =IFERROR(__xludf.DUMMYFUNCTION("""COMPUTED_VALUE"""),"Omega Molecule") -> Omega Molecule | F12: =IFERROR(__xludf.DUMMYFUNCTION("""COMPUTED_VALUE"""),3.0) -> 3 | G12: =IFERROR(__xludf.DUMMYFUNCTION("""COMPUTED_VALUE"""),"✅") -> ✅ | I12: =IFERROR(__xludf.DUMMYFUNCTION("""COMPUTED_VALUE"""),"CritDamage") -> CritDamage | J12: =IFERROR(__xludf.DUMMYFUNCTION("""COMPUTED_VALUE"""),"Increases base Crit Damage for all ships by X.") -> Increases base Crit Damage for all ships by X.
D13: =IFERROR(__xludf.DUMMYFUNCTION("""COMPUTED_VALUE""")," E") -> E | E13: =IFERROR(__xludf.DUMMYFUNCTION("""COMPUTED_VALUE"""),"The Godsend") -> The Godsend | F13: =IFERROR(__xludf.DUMMYFUNCTION("""COMPUTED_VALUE"""),1.0) -> 1 | G13: =IFERROR(__xludf.DUMMYFUNCTION("""COMPUTED_VALUE"""),"✅") -> ✅ | I13: =IFERROR(__xludf.DUMMYFUNCTION("""COMPUTED_VALUE"""),"AllDamage") -> AllDamage | J13: =IFERROR(__xludf.DUMMYFUNCTION("""COMPUTED_VALUE"""),"Increases base Weapon Damage against hostiles by X.") -> Increases base Weapon Damage against hostiles by X.
D14: =IFERROR(__xludf.DUMMYFUNCTION("""COMPUTED_VALUE""")," R") -> R | E14: =IFERROR(__xludf.DUMMYFUNCTION("""COMPUTED_VALUE"""),"Tothian Mines") -> Tothian Mines | F14: =IFERROR(__xludf.DUMMYFUNCTION("""COMPUTED_VALUE"""),1.0) -> 1 | G14: =IFERROR(__xludf.DUMMYFUNCTION("""COMPUTED_VALUE"""),"✅") -> ✅ | I14: =IFERROR(__xludf.DUMMYFUNCTION("""COMPUTED_VALUE"""),"IsolyticDefense") -> IsolyticDefense | J14: =IFERROR(__xludf.DUMMYFUNCTION("""COMPUTED_VALUE"""),"Increases Isolytic Defense by X for 2 rounds when hit by a Critical Hit.") -> Increases Isolytic Defense by X for 2 rounds when hit by a Critical Hit.
D15: =IFERROR(__xludf.DUMMYFUNCTION("""COMPUTED_VALUE""")," E") -> E | E15: =IFERROR(__xludf.DUMMYFUNCTION("""COMPUTED_VALUE"""),"Echo Papa 607") -> Echo Papa 607 | F15: =IFERROR(__xludf.DUMMYFUNCTION("""COMPUTED_VALUE"""),1.0) -> 1 | G15: =IFERROR(__xludf.DUMMYFUNCTION("""COMPUTED_VALUE"""),"✴️") -> ✴️ | H15: =IFERROR(__xludf.DUMMYFUNCTION("""COMPUTED_VALUE"""),"HullHealthBelow") -> HullHealthBelow | I15: =IFERROR(__xludf.DUMMYFUNCTION("""COMPUTED_VALUE"""),"AllDamage") -> AllDamage | J15: =IFERROR(__xludf.DUMMYFUNCTION("""COMPUTED_VALUE"""),"Increases Weapon Damage by X when enemy HHP is below 40%.") -> Increases Weapon Damage by X when enemy HHP is below 40%.
D16: =IFERROR(__xludf.DUMMYFUNCTION("""COMPUTED_VALUE""")," R") -> R | E16: =IFERROR(__xludf.DUMMYFUNCTION("""COMPUTED_VALUE"""),"Particle Synthesis") -> Particle Synthesis | F16: =IFERROR(__xludf.DUMMYFUNCTION("""COMPUTED_VALUE"""),2.0) -> 2 | G16: =IFERROR(__xludf.DUMMYFUNCTION("""COMPUTED_VALUE"""),"✴️") -> ✴️ | H16: =IFERROR(__xludf.DUMMYFUNCTION("""COMPUTED_VALUE"""),"CombatPveRewards (on Serene Squall)") -> CombatPveRewards (on Serene Squall) | I16: =IFERROR(__xludf.DUMMYFUNCTION("""COMPUTED_VALUE"""),"CombatPveRewards") -> CombatPveRewards | J16: =IFERROR(__xludf.DUMMYFUNCTION("""COMPUTED_VALUE"""),"Increases loot from all Hostiles, Armadas or Outposts when using Serene Squall by X.") -> Increases loot from all Hostiles, Armadas or Outposts when using Serene Squall by X.
B22: ='Infos - Start Here!'!B22
B69: ='Infos - Start Here!'!B67
B116: ='Infos - Start Here!'!B114
B208: ='Infos - Start Here!'!B206
B282: ='Infos - Start Here!'!B280
D298: =CONCATENATE("RC - Release Candidate",REPT(" · β",200)) -> RC - Release Candidate · β · β · β · β · β · β · β · β · β · β · β · β · β · β · β · β · β · β · β · β · β · β · β · β · β · β · β · β · β · β · β · β · β · β · β · β · β · β · β · β · β · β · β · β · β · β · β · β · β · β · β · β · β · β · β · β · β · β · β · β · β · β · β · β · β · β · β · β · β · β · β · β · β · β · β · β · β · β · β · β · β · β · β · β · β · β · β · β · β · β · β · β · β · β · β · β · β · β · β · β · β · β · β · β · β · β · β · β · β · β · β · β · β · β · β · β · β · β · β · β · β · β · β · β · β · β · β · β · β · β · β · β · β · β · β · β · β · β · β · β · β · β · β · β · β · β · β · β · β · β · β · β · β · β · β · β · β · β · β · β · β · β · β · β · β · β · β · β · β · β · β · β · β · β · β · β · β · β · β · β · β · β · β · β · β · β · β · β · β · β · β · β · β · β · β · β · β · β · β · β

Sheet Officers Compact
D2: =IFERROR(__xludf.DUMMYFUNCTION("FILTER(LCARS_Off[#ALL] , CONDITION_ONE_OF_RANGE( LCARS_Off[#HEADERS] , settings[Short]))")," Rarity") -> Rarity | E2: =IFERROR(__xludf.DUMMYFUNCTION("""COMPUTED_VALUE"""),"OfficerName") -> OfficerName | G2: =IFERROR(__xludf.DUMMYFUNCTION("""COMPUTED_VALUE"""),"PvP Space") -> PvP Space | H2: =IFERROR(__xludf.DUMMYFUNCTION("""COMPUTED_VALUE"""),"PvP Station") -> PvP Station | I2: =IFERROR(__xludf.DUMMYFUNCTION("""COMPUTED_VALUE"""),"Red Moving Space") -> Red Moving Space | J2: =IFERROR(__xludf.DUMMYFUNCTION("""COMPUTED_VALUE"""),"Waves") -> Waves | K2: =IFERROR(__xludf.DUMMYFUNCTION("""COMPUTED_VALUE"""),"QTrial") -> QTrial | L2: =IFERROR(__xludf.DUMMYFUNCTION("""COMPUTED_VALUE"""),"Mission Bosses") -> Mission Bosses | M2: =IFERROR(__xludf.DUMMYFUNCTION("""COMPUTED_VALUE"""),"Group Armadas") -> Group Armadas | N2: =IFERROR(__xludf.DUMMYFUNCTION("""COMPUTED_VALUE"""),"Solo Armadas") -> Solo Armadas | O2: =IFERROR(__xludf.DUMMYFUNCTION("""COMPUTED_VALUE"""),"Invading Entities") -> Invading Entities | P2: =IFERROR(__xludf.DUMMYFUNCTION("""COMPUTED_VALUE"""),"Assaults") -> Assaults | Q2: =IFERROR(__xludf.DUMMYFUNCTION("""COMPUTED_VALUE"""),"Outpost Armadas") -> Outpost Armadas | R2: =IFERROR(__xludf.DUMMYFUNCTION("""COMPUTED_VALUE"""),"Outpost Retaliation Attackers") -> Outpost Retaliation Attackers | S2: =IFERROR(__xludf.DUMMYFUNCTION("""COMPUTED_VALUE"""),"Reason") -> Reason | T2: =IFERROR(__xludf.DUMMYFUNCTION("""COMPUTED_VALUE"""),"Loot") -> Loot | U2: =IFERROR(__xludf.DUMMYFUNCTION("""COMPUTED_VALUE"""),"Utility") -> Utility
D3: =IFERROR(__xludf.DUMMYFUNCTION("""COMPUTED_VALUE""")," E") -> E | E3: =IFERROR(__xludf.DUMMYFUNCTION("""COMPUTED_VALUE"""),"KIRK") -> KIRK | F3: =IFERROR(__xludf.DUMMYFUNCTION("""COMPUTED_VALUE"""),"CM") -> CM | G3: =IFERROR(__xludf.DUMMYFUNCTION("""COMPUTED_VALUE"""),"✴️") -> ✴️ | H3: =IFERROR(__xludf.DUMMYFUNCTION("""COMPUTED_VALUE"""),"✴️") -> ✴️ | I3: =IFERROR(__xludf.DUMMYFUNCTION("""COMPUTED_VALUE"""),"✴️") -> ✴️ | J3: =IFERROR(__xludf.DUMMYFUNCTION("""COMPUTED_VALUE"""),"✴️") -> ✴️ | K3: =IFERROR(__xludf.DUMMYFUNCTION("""COMPUTED_VALUE"""),"✴️") -> ✴️ | L3: =IFERROR(__xludf.DUMMYFUNCTION("""COMPUTED_VALUE"""),"✴️") -> ✴️ | M3: =IFERROR(__xludf.DUMMYFUNCTION("""COMPUTED_VALUE"""),"✴️") -> ✴️ | N3: =IFERROR(__xludf.DUMMYFUNCTION("""COMPUTED_VALUE"""),"✴️") -> ✴️ | ... Q3: =IFERROR(__xludf.DUMMYFUNCTION("""COMPUTED_VALUE"""),"✴️") -> ✴️ | R3: =IFERROR(__xludf.DUMMYFUNCTION("""COMPUTED_VALUE""")," ✴️") -> ✴️ | S3: =IFERROR(__xludf.DUMMYFUNCTION("""COMPUTED_VALUE"""),"SelfHasMorale") -> SelfHasMorale | T3: =IFERROR(__xludf.DUMMYFUNCTION("""COMPUTED_VALUE"""),"➖") -> ➖ | U3: =IFERROR(__xludf.DUMMYFUNCTION("""COMPUTED_VALUE"""),"➖") -> ➖
D4: =IFERROR(__xludf.DUMMYFUNCTION("""COMPUTED_VALUE""")," E") -> E | E4: =IFERROR(__xludf.DUMMYFUNCTION("""COMPUTED_VALUE"""),"KIRK") -> KIRK | F4: =IFERROR(__xludf.DUMMYFUNCTION("""COMPUTED_VALUE"""),"OA") -> OA | G4: =IFERROR(__xludf.DUMMYFUNCTION("""COMPUTED_VALUE"""),"✅") -> ✅ | H4: =IFERROR(__xludf.DUMMYFUNCTION("""COMPUTED_VALUE"""),"✅") -> ✅ | I4: =IFERROR(__xludf.DUMMYFUNCTION("""COMPUTED_VALUE"""),"✅") -> ✅ | J4: =IFERROR(__xludf.DUMMYFUNCTION("""COMPUTED_VALUE"""),"✅") -> ✅ | K4: =IFERROR(__xludf.DUMMYFUNCTION("""COMPUTED_VALUE"""),"✅") -> ✅ | L4: =IFERROR(__xludf.DUMMYFUNCTION("""COMPUTED_VALUE"""),"✅") -> ✅ | M4: =IFERROR(__xludf.DUMMYFUNCTION("""COMPUTED_VALUE"""),"✅") -> ✅ | N4: =IFERROR(__xludf.DUMMYFUNCTION("""COMPUTED_VALUE"""),"✅") -> ✅ | ... Q4: =IFERROR(__xludf.DUMMYFUNCTION("""COMPUTED_VALUE"""),"✅") -> ✅ | R4: =IFERROR(__xludf.DUMMYFUNCTION("""COMPUTED_VALUE""")," ✅") -> ✅ | T4: =IFERROR(__xludf.DUMMYFUNCTION("""COMPUTED_VALUE"""),"➖") -> ➖ | U4: =IFERROR(__xludf.DUMMYFUNCTION("""COMPUTED_VALUE"""),"➖") -> ➖
D5: =IFERROR(__xludf.DUMMYFUNCTION("""COMPUTED_VALUE""")," R") -> R | E5: =IFERROR(__xludf.DUMMYFUNCTION("""COMPUTED_VALUE"""),"SPOCK") -> SPOCK | F5: =IFERROR(__xludf.DUMMYFUNCTION("""COMPUTED_VALUE"""),"CM") -> CM | G5: =IFERROR(__xludf.DUMMYFUNCTION("""COMPUTED_VALUE"""),"✅") -> ✅ | H5: =IFERROR(__xludf.DUMMYFUNCTION("""COMPUTED_VALUE"""),"✅") -> ✅ | I5: =IFERROR(__xludf.DUMMYFUNCTION("""COMPUTED_VALUE"""),"✅") -> ✅ | J5: =IFERROR(__xludf.DUMMYFUNCTION("""COMPUTED_VALUE"""),"✅") -> ✅ | K5: =IFERROR(__xludf.DUMMYFUNCTION("""COMPUTED_VALUE"""),"✅") -> ✅ | L5: =IFERROR(__xludf.DUMMYFUNCTION("""COMPUTED_VALUE"""),"✅") -> ✅ | M5: =IFERROR(__xludf.DUMMYFUNCTION("""COMPUTED_VALUE"""),"✅") -> ✅ | N5: =IFERROR(__xludf.DUMMYFUNCTION("""COMPUTED_VALUE"""),"✅") -> ✅ | ... Q5: =IFERROR(__xludf.DUMMYFUNCTION("""COMPUTED_VALUE"""),"✅") -> ✅ | R5: =IFERROR(__xludf.DUMMYFUNCTION("""COMPUTED_VALUE""")," ✅") -> ✅ | T5: =IFERROR(__xludf.DUMMYFUNCTION("""COMPUTED_VALUE"""),"➖") -> ➖ | U5: =IFERROR(__xludf.DUMMYFUNCTION("""COMPUTED_VALUE"""),"➖") -> ➖
D6: =IFERROR(__xludf.DUMMYFUNCTION("""COMPUTED_VALUE""")," R") -> R | E6: =IFERROR(__xludf.DUMMYFUNCTION("""COMPUTED_VALUE"""),"SPOCK") -> SPOCK | F6: =IFERROR(__xludf.DUMMYFUNCTION("""COMPUTED_VALUE"""),"OA") -> OA | G6: =IFERROR(__xludf.DUMMYFUNCTION("""COMPUTED_VALUE"""),"✴️") -> ✴️ | H6: =IFERROR(__xludf.DUMMYFUNCTION("""COMPUTED_VALUE"""),"✴️") -> ✴️ | I6: =IFERROR(__xludf.DUMMYFUNCTION("""COMPUTED_VALUE"""),"✴️") -> ✴️ | J6: =IFERROR(__xludf.DUMMYFUNCTION("""COMPUTED_VALUE"""),"✴️") -> ✴️ | K6: =IFERROR(__xludf.DUMMYFUNCTION("""COMPUTED_VALUE"""),"✴️") -> ✴️ | L6: =IFERROR(__xludf.DUMMYFUNCTION("""COMPUTED_VALUE"""),"✴️") -> ✴️ | M6: =IFERROR(__xludf.DUMMYFUNCTION("""COMPUTED_VALUE"""),"✴️") -> ✴️ | N6: =IFERROR(__xludf.DUMMYFUNCTION("""COMPUTED_VALUE"""),"✴️") -> ✴️ | ... Q6: =IFERROR(__xludf.DUMMYFUNCTION("""COMPUTED_VALUE"""),"✴️") -> ✴️ | R6: =IFERROR(__xludf.DUMMYFUNCTION("""COMPUTED_VALUE""")," ✴️") -> ✴️ | S6: =IFERROR(__xludf.DUMMYFUNCTION("""COMPUTED_VALUE"""),"SelfHasMorale") -> SelfHasMorale | T6: =IFERROR(__xludf.DUMMYFUNCTION("""COMPUTED_VALUE"""),"➖") -> ➖ | U6: =IFERROR(__xludf.DUMMYFUNCTION("""COMPUTED_VALUE"""),"➖") -> ➖
D7: =IFERROR(__xludf.DUMMYFUNCTION("""COMPUTED_VALUE""")," R") -> R | E7: =IFERROR(__xludf.DUMMYFUNCTION("""COMPUTED_VALUE"""),"BONES") -> BONES | F7: =IFERROR(__xludf.DUMMYFUNCTION("""COMPUTED_VALUE"""),"CM") -> CM | G7: =IFERROR(__xludf.DUMMYFUNCTION("""COMPUTED_VALUE"""),"✴️") -> ✴️ | H7: =IFERROR(__xludf.DUMMYFUNCTION("""COMPUTED_VALUE"""),"✴️") -> ✴️ | I7: =IFERROR(__xludf.DUMMYFUNCTION("""COMPUTED_VALUE"""),"✴️") -> ✴️ | J7: =IFERROR(__xludf.DUMMYFUNCTION("""COMPUTED_VALUE"""),"✴️") -> ✴️ | K7: =IFERROR(__xludf.DUMMYFUNCTION("""COMPUTED_VALUE"""),"✴️") -> ✴️ | L7: =IFERROR(__xludf.DUMMYFUNCTION("""COMPUTED_VALUE"""),"✴️") -> ✴️ | M7: =IFERROR(__xludf.DUMMYFUNCTION("""COMPUTED_VALUE"""),"✴️") -> ✴️ | N7: =IFERROR(__xludf.DUMMYFUNCTION("""COMPUTED_VALUE"""),"✴️") -> ✴️ | ... Q7: =IFERROR(__xludf.DUMMYFUNCTION("""COMPUTED_VALUE"""),"✴️") -> ✴️ | R7: =IFERROR(__xludf.DUMMYFUNCTION("""COMPUTED_VALUE""")," ✴️") -> ✴️ | S7: =IFERROR(__xludf.DUMMYFUNCTION("""COMPUTED_VALUE"""),"target level 70 or under") -> target level 70 or under | T7: =IFERROR(__xludf.DUMMYFUNCTION("""COMPUTED_VALUE"""),"➖") -> ➖ | U7: =IFERROR(__xludf.DUMMYFUNCTION("""COMPUTED_VALUE"""),"➖") -> ➖
D8: =IFERROR(__xludf.DUMMYFUNCTION("""COMPUTED_VALUE""")," R") -> R | E8: =IFERROR(__xludf.DUMMYFUNCTION("""COMPUTED_VALUE"""),"BONES") -> BONES | F8: =IFERROR(__xludf.DUMMYFUNCTION("""COMPUTED_VALUE"""),"OA") -> OA | G8: =IFERROR(__xludf.DUMMYFUNCTION("""COMPUTED_VALUE"""),"✴️") -> ✴️ | H8: =IFERROR(__xludf.DUMMYFUNCTION("""COMPUTED_VALUE"""),"✴️") -> ✴️ | I8: =IFERROR(__xludf.DUMMYFUNCTION("""COMPUTED_VALUE"""),"✴️") -> ✴️ | J8: =IFERROR(__xludf.DUMMYFUNCTION("""COMPUTED_VALUE"""),"✴️") -> ✴️ | K8: =IFERROR(__xludf.DUMMYFUNCTION("""COMPUTED_VALUE"""),"✴️") -> ✴️ | L8: =IFERROR(__xludf.DUMMYFUNCTION("""COMPUTED_VALUE"""),"✴️") -> ✴️ | M8: =IFERROR(__xludf.DUMMYFUNCTION("""COMPUTED_VALUE"""),"✴️") -> ✴️ | N8: =IFERROR(__xludf.DUMMYFUNCTION("""COMPUTED_VALUE"""),"✴️") -> ✴️ | ... Q8: =IFERROR(__xludf.DUMMYFUNCTION("""COMPUTED_VALUE"""),"✴️") -> ✴️ | R8: =IFERROR(__xludf.DUMMYFUNCTION("""COMPUTED_VALUE""")," ✴️") -> ✴️ | S8: =IFERROR(__xludf.DUMMYFUNCTION("""COMPUTED_VALUE"""),"target level 70 or under") -> target level 70 or under | T8: =IFERROR(__xludf.DUMMYFUNCTION("""COMPUTED_VALUE"""),"➖") -> ➖ | U8: =IFERROR(__xludf.DUMMYFUNCTION("""COMPUTED_VALUE"""),"➖") -> ➖
D9: =IFERROR(__xludf.DUMMYFUNCTION("""COMPUTED_VALUE""")," U") -> U | E9: =IFERROR(__xludf.DUMMYFUNCTION("""COMPUTED_VALUE"""),"SCOTTY") -> SCOTTY | F9: =IFERROR(__xludf.DUMMYFUNCTION("""COMPUTED_VALUE"""),"CM") -> CM | G9: =IFERROR(__xludf.DUMMYFUNCTION("""COMPUTED_VALUE"""),"➖") -> ➖ | H9: =IFERROR(__xludf.DUMMYFUNCTION("""COMPUTED_VALUE"""),"➖") -> ➖ | I9: =IFERROR(__xludf.DUMMYFUNCTION("""COMPUTED_VALUE"""),"➖") -> ➖ | J9: =IFERROR(__xludf.DUMMYFUNCTION("""COMPUTED_VALUE"""),"➖") -> ➖ | K9: =IFERROR(__xludf.DUMMYFUNCTION("""COMPUTED_VALUE"""),"➖") -> ➖ | L9: =IFERROR(__xludf.DUMMYFUNCTION("""COMPUTED_VALUE"""),"➖") -> ➖ | M9: =IFERROR(__xludf.DUMMYFUNCTION("""COMPUTED_VALUE"""),"➖") -> ➖ | N9: =IFERROR(__xludf.DUMMYFUNCTION("""COMPUTED_VALUE"""),"➖") -> ➖ | ... Q9: =IFERROR(__xludf.DUMMYFUNCTION("""COMPUTED_VALUE"""),"➖") -> ➖ | R9: =IFERROR(__xludf.DUMMYFUNCTION("""COMPUTED_VALUE""")," ➖") -> ➖ | T9: =IFERROR(__xludf.DUMMYFUNCTION("""COMPUTED_VALUE"""),"➖") -> ➖ | U9: =IFERROR(__xludf.DUMMYFUNCTION("""COMPUTED_VALUE"""),"✅") -> ✅
D10: =IFERROR(__xludf.DUMMYFUNCTION("""COMPUTED_VALUE""")," U") -> U | E10: =IFERROR(__xludf.DUMMYFUNCTION("""COMPUTED_VALUE"""),"SCOTTY") -> SCOTTY | F10: =IFERROR(__xludf.DUMMYFUNCTION("""COMPUTED_VALUE"""),"OA") -> OA | G10: =IFERROR(__xludf.DUMMYFUNCTION("""COMPUTED_VALUE"""),"✅") -> ✅ | H10: =IFERROR(__xludf.DUMMYFUNCTION("""COMPUTED_VALUE"""),"✅") -> ✅ | I10: =IFERROR(__xludf.DUMMYFUNCTION("""COMPUTED_VALUE"""),"✅") -> ✅ | J10: =IFERROR(__xludf.DUMMYFUNCTION("""COMPUTED_VALUE"""),"✅") -> ✅ | K10: =IFERROR(__xludf.DUMMYFUNCTION("""COMPUTED_VALUE"""),"✅") -> ✅ | L10: =IFERROR(__xludf.DUMMYFUNCTION("""COMPUTED_VALUE"""),"✅") -> ✅ | M10: =IFERROR(__xludf.DUMMYFUNCTION("""COMPUTED_VALUE"""),"✅") -> ✅ | N10: =IFERROR(__xludf.DUMMYFUNCTION("""COMPUTED_VALUE"""),"✅") -> ✅ | ... Q10: =IFERROR(__xludf.DUMMYFUNCTION("""COMPUTED_VALUE"""),"✅") -> ✅ | R10: =IFERROR(__xludf.DUMMYFUNCTION("""COMPUTED_VALUE""")," ✅") -> ✅ | T10: =IFERROR(__xludf.DUMMYFUNCTION("""COMPUTED_VALUE"""),"➖") -> ➖ | U10: =IFERROR(__xludf.DUMMYFUNCTION("""COMPUTED_VALUE"""),"➖") -> ➖
D11: =IFERROR(__xludf.DUMMYFUNCTION("""COMPUTED_VALUE""")," U") -> U | E11: =IFERROR(__xludf.DUMMYFUNCTION("""COMPUTED_VALUE"""),"SULU") -> SULU | F11: =IFERROR(__xludf.DUMMYFUNCTION("""COMPUTED_VALUE"""),"CM") -> CM | G11: =IFERROR(__xludf.DUMMYFUNCTION("""COMPUTED_VALUE"""),"✅") -> ✅ | H11: =IFERROR(__xludf.DUMMYFUNCTION("""COMPUTED_VALUE"""),"✅") -> ✅ | I11: =IFERROR(__xludf.DUMMYFUNCTION("""COMPUTED_VALUE"""),"✅") -> ✅ | J11: =IFERROR(__xludf.DUMMYFUNCTION("""COMPUTED_VALUE"""),"✅") -> ✅ | K11: =IFERROR(__xludf.DUMMYFUNCTION("""COMPUTED_VALUE"""),"✅") -> ✅ | L11: =IFERROR(__xludf.DUMMYFUNCTION("""COMPUTED_VALUE"""),"✅") -> ✅ | M11: =IFERROR(__xludf.DUMMYFUNCTION("""COMPUTED_VALUE"""),"✅") -> ✅ | N11: =IFERROR(__xludf.DUMMYFUNCTION("""COMPUTED_VALUE"""),"✅") -> ✅ | ... Q11: =IFERROR(__xludf.DUMMYFUNCTION("""COMPUTED_VALUE"""),"✅") -> ✅ | R11: =IFERROR(__xludf.DUMMYFUNCTION("""COMPUTED_VALUE""")," ✅") -> ✅ | T11: =IFERROR(__xludf.DUMMYFUNCTION("""COMPUTED_VALUE"""),"➖") -> ➖ | U11: =IFERROR(__xludf.DUMMYFUNCTION("""COMPUTED_VALUE"""),"➖") -> ➖
D12: =IFERROR(__xludf.DUMMYFUNCTION("""COMPUTED_VALUE""")," U") -> U | E12: =IFERROR(__xludf.DUMMYFUNCTION("""COMPUTED_VALUE"""),"SULU") -> SULU | F12: =IFERROR(__xludf.DUMMYFUNCTION("""COMPUTED_VALUE"""),"OA") -> OA | G12: =IFERROR(__xludf.DUMMYFUNCTION("""COMPUTED_VALUE"""),"✴️") -> ✴️ | H12: =IFERROR(__xludf.DUMMYFUNCTION("""COMPUTED_VALUE"""),"✴️") -> ✴️ | I12: =IFERROR(__xludf.DUMMYFUNCTION("""COMPUTED_VALUE"""),"✴️") -> ✴️ | J12: =IFERROR(__xludf.DUMMYFUNCTION("""COMPUTED_VALUE"""),"✴️") -> ✴️ | K12: =IFERROR(__xludf.DUMMYFUNCTION("""COMPUTED_VALUE"""),"✴️") -> ✴️ | L12: =IFERROR(__xludf.DUMMYFUNCTION("""COMPUTED_VALUE"""),"✴️") -> ✴️ | M12: =IFERROR(__xludf.DUMMYFUNCTION("""COMPUTED_VALUE"""),"✴️") -> ✴️ | N12: =IFERROR(__xludf.DUMMYFUNCTION("""COMPUTED_VALUE"""),"✴️") -> ✴️ | ... Q12: =IFERROR(__xludf.DUMMYFUNCTION("""COMPUTED_VALUE"""),"✴️") -> ✴️ | R12: =IFERROR(__xludf.DUMMYFUNCTION("""COMPUTED_VALUE""")," ✴️") -> ✴️ | S12: =IFERROR(__xludf.DUMMYFUNCTION("""COMPUTED_VALUE"""),"SelfHasMorale, ModuleEnergy") -> SelfHasMorale, ModuleEnergy | T12: =IFERROR(__xludf.DUMMYFUNCTION("""COMPUTED_VALUE"""),"➖") -> ➖ | U12: =IFERROR(__xludf.DUMMYFUNCTION("""COMPUTED_VALUE"""),"➖") -> ➖
D13: =IFERROR(__xludf.DUMMYFUNCTION("""COMPUTED_VALUE""")," U") -> U | E13: =IFERROR(__xludf.DUMMYFUNCTION("""COMPUTED_VALUE"""),"ARKADY") -> ARKADY | F13: =IFERROR(__xludf.DUMMYFUNCTION("""COMPUTED_VALUE"""),"CM") -> CM | G13: =IFERROR(__xludf.DUMMYFUNCTION("""COMPUTED_VALUE"""),"✅") -> ✅ | H13: =IFERROR(__xludf.DUMMYFUNCTION("""COMPUTED_VALUE"""),"✅") -> ✅ | I13: =IFERROR(__xludf.DUMMYFUNCTION("""COMPUTED_VALUE"""),"✅") -> ✅ | J13: =IFERROR(__xludf.DUMMYFUNCTION("""COMPUTED_VALUE"""),"✅") -> ✅ | K13: =IFERROR(__xludf.DUMMYFUNCTION("""COMPUTED_VALUE"""),"✅") -> ✅ | L13: =IFERROR(__xludf.DUMMYFUNCTION("""COMPUTED_VALUE"""),"✅") -> ✅ | M13: =IFERROR(__xludf.DUMMYFUNCTION("""COMPUTED_VALUE"""),"✅") -> ✅ | N13: =IFERROR(__xludf.DUMMYFUNCTION("""COMPUTED_VALUE"""),"✅") -> ✅ | ... Q13: =IFERROR(__xludf.DUMMYFUNCTION("""COMPUTED_VALUE"""),"✅") -> ✅ | R13: =IFERROR(__xludf.DUMMYFUNCTION("""COMPUTED_VALUE""")," ✅") -> ✅ | T13: =IFERROR(__xludf.DUMMYFUNCTION("""COMPUTED_VALUE"""),"➖") -> ➖ | U13: =IFERROR(__xludf.DUMMYFUNCTION("""COMPUTED_VALUE"""),"➖") -> ➖
D14: =IFERROR(__xludf.DUMMYFUNCTION("""COMPUTED_VALUE""")," U") -> U | E14: =IFERROR(__xludf.DUMMYFUNCTION("""COMPUTED_VALUE"""),"ARKADY") -> ARKADY | F14: =IFERROR(__xludf.DUMMYFUNCTION("""COMPUTED_VALUE"""),"OA") -> OA | G14: =IFERROR(__xludf.DUMMYFUNCTION("""COMPUTED_VALUE"""),"✅") -> ✅ | H14: =IFERROR(__xludf.DUMMYFUNCTION("""COMPUTED_VALUE"""),"✅") -> ✅ | I14: =IFERROR(__xludf.DUMMYFUNCTION("""COMPUTED_VALUE"""),"✅") -> ✅ | J14: =IFERROR(__xludf.DUMMYFUNCTION("""COMPUTED_VALUE"""),"✅") -> ✅ | K14: =IFERROR(__xludf.DUMMYFUNCTION("""COMPUTED_VALUE"""),"✅") -> ✅ | L14: =IFERROR(__xludf.DUMMYFUNCTION("""COMPUTED_VALUE"""),"✅") -> ✅ | M14: =IFERROR(__xludf.DUMMYFUNCTION("""COMPUTED_VALUE"""),"✅") -> ✅ | N14: =IFERROR(__xludf.DUMMYFUNCTION("""COMPUTED_VALUE"""),"✅") -> ✅ | ... Q14: =IFERROR(__xludf.DUMMYFUNCTION("""COMPUTED_VALUE"""),"✅") -> ✅ | R14: =IFERROR(__xludf.DUMMYFUNCTION("""COMPUTED_VALUE""")," ✅") -> ✅ | T14: =IFERROR(__xludf.DUMMYFUNCTION("""COMPUTED_VALUE"""),"➖") -> ➖ | U14: =IFERROR(__xludf.DUMMYFUNCTION("""COMPUTED_VALUE"""),"➖") -> ➖
D15: =IFERROR(__xludf.DUMMYFUNCTION("""COMPUTED_VALUE""")," R") -> R | E15: =IFERROR(__xludf.DUMMYFUNCTION("""COMPUTED_VALUE"""),"UHURA") -> UHURA | F15: =IFERROR(__xludf.DUMMYFUNCTION("""COMPUTED_VALUE"""),"CM") -> CM | G15: =IFERROR(__xludf.DUMMYFUNCTION("""COMPUTED_VALUE"""),"✅") -> ✅ | H15: =IFERROR(__xludf.DUMMYFUNCTION("""COMPUTED_VALUE"""),"✅") -> ✅ | I15: =IFERROR(__xludf.DUMMYFUNCTION("""COMPUTED_VALUE"""),"✅") -> ✅ | J15: =IFERROR(__xludf.DUMMYFUNCTION("""COMPUTED_VALUE"""),"✅") -> ✅ | K15: =IFERROR(__xludf.DUMMYFUNCTION("""COMPUTED_VALUE"""),"✅") -> ✅ | L15: =IFERROR(__xludf.DUMMYFUNCTION("""COMPUTED_VALUE"""),"✅") -> ✅ | M15: =IFERROR(__xludf.DUMMYFUNCTION("""COMPUTED_VALUE"""),"✅") -> ✅ | N15: =IFERROR(__xludf.DUMMYFUNCTION("""COMPUTED_VALUE"""),"✅") -> ✅ | ... Q15: =IFERROR(__xludf.DUMMYFUNCTION("""COMPUTED_VALUE"""),"✅") -> ✅ | R15: =IFERROR(__xludf.DUMMYFUNCTION("""COMPUTED_VALUE""")," ✅") -> ✅ | T15: =IFERROR(__xludf.DUMMYFUNCTION("""COMPUTED_VALUE"""),"➖") -> ➖ | U15: =IFERROR(__xludf.DUMMYFUNCTION("""COMPUTED_VALUE"""),"➖") -> ➖
D16: =IFERROR(__xludf.DUMMYFUNCTION("""COMPUTED_VALUE""")," R") -> R | E16: =IFERROR(__xludf.DUMMYFUNCTION("""COMPUTED_VALUE"""),"UHURA") -> UHURA | F16: =IFERROR(__xludf.DUMMYFUNCTION("""COMPUTED_VALUE"""),"OA") -> OA | G16: =IFERROR(__xludf.DUMMYFUNCTION("""COMPUTED_VALUE"""),"✅") -> ✅ | H16: =IFERROR(__xludf.DUMMYFUNCTION("""COMPUTED_VALUE"""),"✅") -> ✅ | I16: =IFERROR(__xludf.DUMMYFUNCTION("""COMPUTED_VALUE"""),"✅") -> ✅ | J16: =IFERROR(__xludf.DUMMYFUNCTION("""COMPUTED_VALUE"""),"✅") -> ✅ | K16: =IFERROR(__xludf.DUMMYFUNCTION("""COMPUTED_VALUE"""),"✅") -> ✅ | L16: =IFERROR(__xludf.DUMMYFUNCTION("""COMPUTED_VALUE"""),"✅") -> ✅ | M16: =IFERROR(__xludf.DUMMYFUNCTION("""COMPUTED_VALUE"""),"✅") -> ✅ | N16: =IFERROR(__xludf.DUMMYFUNCTION("""COMPUTED_VALUE"""),"✅") -> ✅ | ... Q16: =IFERROR(__xludf.DUMMYFUNCTION("""COMPUTED_VALUE"""),"✅") -> ✅ | R16: =IFERROR(__xludf.DUMMYFUNCTION("""COMPUTED_VALUE""")," ✅") -> ✅ | T16: =IFERROR(__xludf.DUMMYFUNCTION("""COMPUTED_VALUE"""),"➖") -> ➖ | U16: =IFERROR(__xludf.DUMMYFUNCTION("""COMPUTED_VALUE"""),"➖") -> ➖
D17: =IFERROR(__xludf.DUMMYFUNCTION("""COMPUTED_VALUE""")," E") -> E | E17: =IFERROR(__xludf.DUMMYFUNCTION("""COMPUTED_VALUE"""),"GORKON") -> GORKON | F17: =IFERROR(__xludf.DUMMYFUNCTION("""COMPUTED_VALUE"""),"CM") -> CM | G17: =IFERROR(__xludf.DUMMYFUNCTION("""COMPUTED_VALUE"""),"✅") -> ✅ | H17: =IFERROR(__xludf.DUMMYFUNCTION("""COMPUTED_VALUE"""),"✅") -> ✅ | I17: =IFERROR(__xludf.DUMMYFUNCTION("""COMPUTED_VALUE"""),"✅") -> ✅ | J17: =IFERROR(__xludf.DUMMYFUNCTION("""COMPUTED_VALUE"""),"✅") -> ✅ | K17: =IFERROR(__xludf.DUMMYFUNCTION("""COMPUTED_VALUE"""),"✅") -> ✅ | L17: =IFERROR(__xludf.DUMMYFUNCTION("""COMPUTED_VALUE"""),"✅") -> ✅ | M17: =IFERROR(__xludf.DUMMYFUNCTION("""COMPUTED_VALUE"""),"✅") -> ✅ | N17: =IFERROR(__xludf.DUMMYFUNCTION("""COMPUTED_VALUE"""),"✅") -> ✅ | ... Q17: =IFERROR(__xludf.DUMMYFUNCTION("""COMPUTED_VALUE"""),"✅") -> ✅ | R17: =IFERROR(__xludf.DUMMYFUNCTION("""COMPUTED_VALUE""")," ✅") -> ✅ | T17: =IFERROR(__xludf.DUMMYFUNCTION("""COMPUTED_VALUE"""),"➖") -> ➖ | U17: =IFERROR(__xludf.DUMMYFUNCTION("""COMPUTED_VALUE"""),"➖") -> ➖
D18: =IFERROR(__xludf.DUMMYFUNCTION("""COMPUTED_VALUE""")," E") -> E | E18: =IFERROR(__xludf.DUMMYFUNCTION("""COMPUTED_VALUE"""),"GORKON") -> GORKON | F18: =IFERROR(__xludf.DUMMYFUNCTION("""COMPUTED_VALUE"""),"OA") -> OA | G18: =IFERROR(__xludf.DUMMYFUNCTION("""COMPUTED_VALUE"""),"✅") -> ✅ | H18: =IFERROR(__xludf.DUMMYFUNCTION("""COMPUTED_VALUE"""),"✅") -> ✅ | I18: =IFERROR(__xludf.DUMMYFUNCTION("""COMPUTED_VALUE"""),"✅") -> ✅ | J18: =IFERROR(__xludf.DUMMYFUNCTION("""COMPUTED_VALUE"""),"✅") -> ✅ | K18: =IFERROR(__xludf.DUMMYFUNCTION("""COMPUTED_VALUE"""),"✅") -> ✅ | L18: =IFERROR(__xludf.DUMMYFUNCTION("""COMPUTED_VALUE"""),"✅") -> ✅ | M18: =IFERROR(__xludf.DUMMYFUNCTION("""COMPUTED_VALUE"""),"✅") -> ✅ | N18: =IFERROR(__xludf.DUMMYFUNCTION("""COMPUTED_VALUE"""),"✅") -> ✅ | ... Q18: =IFERROR(__xludf.DUMMYFUNCTION("""COMPUTED_VALUE"""),"✅") -> ✅ | R18: =IFERROR(__xludf.DUMMYFUNCTION("""COMPUTED_VALUE""")," ✅") -> ✅ | T18: =IFERROR(__xludf.DUMMYFUNCTION("""COMPUTED_VALUE"""),"➖") -> ➖ | U18: =IFERROR(__xludf.DUMMYFUNCTION("""COMPUTED_VALUE"""),"➖") -> ➖
D19: =IFERROR(__xludf.DUMMYFUNCTION("""COMPUTED_VALUE""")," R") -> R | E19: =IFERROR(__xludf.DUMMYFUNCTION("""COMPUTED_VALUE"""),"CHANG") -> CHANG | F19: =IFERROR(__xludf.DUMMYFUNCTION("""COMPUTED_VALUE"""),"CM") -> CM | G19: =IFERROR(__xludf.DUMMYFUNCTION("""COMPUTED_VALUE"""),"✴️") -> ✴️ | H19: =IFERROR(__xludf.DUMMYFUNCTION("""COMPUTED_VALUE"""),"✴️") -> ✴️ | I19: =IFERROR(__xludf.DUMMYFUNCTION("""COMPUTED_VALUE"""),"✴️") -> ✴️ | J19: =IFERROR(__xludf.DUMMYFUNCTION("""COMPUTED_VALUE"""),"✴️") -> ✴️ | K19: =IFERROR(__xludf.DUMMYFUNCTION("""COMPUTED_VALUE"""),"✴️") -> ✴️ | L19: =IFERROR(__xludf.DUMMYFUNCTION("""COMPUTED_VALUE"""),"✴️") -> ✴️ | M19: =IFERROR(__xludf.DUMMYFUNCTION("""COMPUTED_VALUE"""),"✴️") -> ✴️ | N19: =IFERROR(__xludf.DUMMYFUNCTION("""COMPUTED_VALUE"""),"✴️") -> ✴️ | ... Q19: =IFERROR(__xludf.DUMMYFUNCTION("""COMPUTED_VALUE"""),"✴️") -> ✴️ | R19: =IFERROR(__xludf.DUMMYFUNCTION("""COMPUTED_VALUE""")," ✴️") -> ✴️ | S19: =IFERROR(__xludf.DUMMYFUNCTION("""COMPUTED_VALUE"""),"HullHealthBelow") -> HullHealthBelow | T19: =IFERROR(__xludf.DUMMYFUNCTION("""COMPUTED_VALUE"""),"➖") -> ➖ | U19: =IFERROR(__xludf.DUMMYFUNCTION("""COMPUTED_VALUE"""),"➖") -> ➖
D20: =IFERROR(__xludf.DUMMYFUNCTION("""COMPUTED_VALUE""")," R") -> R | E20: =IFERROR(__xludf.DUMMYFUNCTION("""COMPUTED_VALUE"""),"CHANG") -> CHANG | F20: =IFERROR(__xludf.DUMMYFUNCTION("""COMPUTED_VALUE"""),"OA") -> OA | G20: =IFERROR(__xludf.DUMMYFUNCTION("""COMPUTED_VALUE"""),"✴️") -> ✴️ | H20: =IFERROR(__xludf.DUMMYFUNCTION("""COMPUTED_VALUE"""),"✴️") -> ✴️ | I20: =IFERROR(__xludf.DUMMYFUNCTION("""COMPUTED_VALUE"""),"✴️") -> ✴️ | J20: =IFERROR(__xludf.DUMMYFUNCTION("""COMPUTED_VALUE"""),"✴️") -> ✴️ | K20: =IFERROR(__xludf.DUMMYFUNCTION("""COMPUTED_VALUE"""),"✴️") -> ✴️ | L20: =IFERROR(__xludf.DUMMYFUNCTION("""COMPUTED_VALUE"""),"✴️") -> ✴️ | M20: =IFERROR(__xludf.DUMMYFUNCTION("""COMPUTED_VALUE"""),"➖") -> ➖ | N20: =IFERROR(__xludf.DUMMYFUNCTION("""COMPUTED_VALUE"""),"➖") -> ➖ | O20: =IFERROR(__xludf.DUMMYFUNCTION("""COMPUTED_VALUE"""),"➖") -> ➖ | P20: =IFERROR(__xludf.DUMMYFUNCTION("""COMPUTED_VALUE"""),"➖") -> ➖ | Q20: =IFERROR(__xludf.DUMMYFUNCTION("""COMPUTED_VALUE"""),"✴️") -> ✴️ | R20: =IFERROR(__xludf.DUMMYFUNCTION("""COMPUTED_VALUE""")," ✴️") -> ✴️ | S20: =IFERROR(__xludf.DUMMYFUNCTION("""COMPUTED_VALUE"""),"TargetHasHullBreach") -> TargetHasHullBreach | T20: =IFERROR(__xludf.DUMMYFUNCTION("""COMPUTED_VALUE"""),"➖") -> ➖ | U20: =IFERROR(__xludf.DUMMYFUNCTION("""COMPUTED_VALUE"""),"➖") -> ➖
D21: =IFERROR(__xludf.DUMMYFUNCTION("""COMPUTED_VALUE""")," R") -> R | E21: =IFERROR(__xludf.DUMMYFUNCTION("""COMPUTED_VALUE"""),"KERLA") -> KERLA | F21: =IFERROR(__xludf.DUMMYFUNCTION("""COMPUTED_VALUE"""),"CM") -> CM | G21: =IFERROR(__xludf.DUMMYFUNCTION("""COMPUTED_VALUE"""),"✅") -> ✅ | H21: =IFERROR(__xludf.DUMMYFUNCTION("""COMPUTED_VALUE"""),"✅") -> ✅ | I21: =IFERROR(__xludf.DUMMYFUNCTION("""COMPUTED_VALUE"""),"✅") -> ✅ | J21: =IFERROR(__xludf.DUMMYFUNCTION("""COMPUTED_VALUE"""),"✅") -> ✅ | K21: =IFERROR(__xludf.DUMMYFUNCTION("""COMPUTED_VALUE"""),"✅") -> ✅ | L21: =IFERROR(__xludf.DUMMYFUNCTION("""COMPUTED_VALUE"""),"✅") -> ✅ | M21: =IFERROR(__xludf.DUMMYFUNCTION("""COMPUTED_VALUE"""),"✅") -> ✅ | N21: =IFERROR(__xludf.DUMMYFUNCTION("""COMPUTED_VALUE"""),"✅") -> ✅ | ... Q21: =IFERROR(__xludf.DUMMYFUNCTION("""COMPUTED_VALUE"""),"✅") -> ✅ | R21: =IFERROR(__xludf.DUMMYFUNCTION("""COMPUTED_VALUE""")," ✅") -> ✅ | T21: =IFERROR(__xludf.DUMMYFUNCTION("""COMPUTED_VALUE"""),"➖") -> ➖ | U21: =IFERROR(__xludf.DUMMYFUNCTION("""COMPUTED_VALUE"""),"➖") -> ➖
D22: =IFERROR(__xludf.DUMMYFUNCTION("""COMPUTED_VALUE""")," R") -> R | E22: =IFERROR(__xludf.DUMMYFUNCTION("""COMPUTED_VALUE"""),"KERLA") -> KERLA | F22: =IFERROR(__xludf.DUMMYFUNCTION("""COMPUTED_VALUE"""),"OA") -> OA | G22: =IFERROR(__xludf.DUMMYFUNCTION("""COMPUTED_VALUE"""),"✴️") -> ✴️ | H22: =IFERROR(__xludf.DUMMYFUNCTION("""COMPUTED_VALUE"""),"✴️") -> ✴️ | I22: =IFERROR(__xludf.DUMMYFUNCTION("""COMPUTED_VALUE"""),"✴️") -> ✴️ | J22: =IFERROR(__xludf.DUMMYFUNCTION("""COMPUTED_VALUE"""),"✴️") -> ✴️ | K22: =IFERROR(__xludf.DUMMYFUNCTION("""COMPUTED_VALUE"""),"✴️") -> ✴️ | L22: =IFERROR(__xludf.DUMMYFUNCTION("""COMPUTED_VALUE"""),"✴️") -> ✴️ | M22: =IFERROR(__xludf.DUMMYFUNCTION("""COMPUTED_VALUE"""),"✴️") -> ✴️ | N22: =IFERROR(__xludf.DUMMYFUNCTION("""COMPUTED_VALUE"""),"✴️") -> ✴️ | ... Q22: =IFERROR(__xludf.DUMMYFUNCTION("""COMPUTED_VALUE"""),"✴️") -> ✴️ | R22: =IFERROR(__xludf.DUMMYFUNCTION("""COMPUTED_VALUE""")," ✴️") -> ✴️ | S22: =IFERROR(__xludf.DUMMYFUNCTION("""COMPUTED_VALUE"""),"ModuleKinetic") -> ModuleKinetic | T22: =IFERROR(__xludf.DUMMYFUNCTION("""COMPUTED_VALUE"""),"➖") -> ➖ | U22: =IFERROR(__xludf.DUMMYFUNCTION("""COMPUTED_VALUE"""),"➖") -> ➖
D23: =IFERROR(__xludf.DUMMYFUNCTION("""COMPUTED_VALUE""")," R") -> R | E23: =IFERROR(__xludf.DUMMYFUNCTION("""COMPUTED_VALUE"""),"AZETBUR") -> AZETBUR | F23: =IFERROR(__xludf.DUMMYFUNCTION("""COMPUTED_VALUE"""),"CM") -> CM | G23: =IFERROR(__xludf.DUMMYFUNCTION("""COMPUTED_VALUE"""),"✴️") -> ✴️ | H23: =IFERROR(__xludf.DUMMYFUNCTION("""COMPUTED_VALUE"""),"✴️") -> ✴️ | I23: =IFERROR(__xludf.DUMMYFUNCTION("""COMPUTED_VALUE"""),"✴️") -> ✴️ | J23: =IFERROR(__xludf.DUMMYFUNCTION("""COMPUTED_VALUE"""),"✴️") -> ✴️ | K23: =IFERROR(__xludf.DUMMYFUNCTION("""COMPUTED_VALUE"""),"✴️") -> ✴️ | L23: =IFERROR(__xludf.DUMMYFUNCTION("""COMPUTED_VALUE"""),"✴️") -> ✴️ | M23: =IFERROR(__xludf.DUMMYFUNCTION("""COMPUTED_VALUE"""),"✴️") -> ✴️ | N23: =IFERROR(__xludf.DUMMYFUNCTION("""COMPUTED_VALUE"""),"✴️") -> ✴️ | ... Q23: =IFERROR(__xludf.DUMMYFUNCTION("""COMPUTED_VALUE"""),"✴️") -> ✴️ | R23: =IFERROR(__xludf.DUMMYFUNCTION("""COMPUTED_VALUE""")," ✴️") -> ✴️ | S23: =IFERROR(__xludf.DUMMYFUNCTION("""COMPUTED_VALUE"""),"HitEnemyWithKinetic") -> HitEnemyWithKinetic | T23: =IFERROR(__xludf.DUMMYFUNCTION("""COMPUTED_VALUE"""),"➖") -> ➖ | U23: =IFERROR(__xludf.DUMMYFUNCTION("""COMPUTED_VALUE"""),"➖") -> ➖
D24: =IFERROR(__xludf.DUMMYFUNCTION("""COMPUTED_VALUE""")," R") -> R | E24: =IFERROR(__xludf.DUMMYFUNCTION("""COMPUTED_VALUE"""),"AZETBUR") -> AZETBUR | F24: =IFERROR(__xludf.DUMMYFUNCTION("""COMPUTED_VALUE"""),"OA") -> OA | G24: =IFERROR(__xludf.DUMMYFUNCTION("""COMPUTED_VALUE"""),"✅") -> ✅ | H24: =IFERROR(__xludf.DUMMYFUNCTION("""COMPUTED_VALUE"""),"✅") -> ✅ | I24: =IFERROR(__xludf.DUMMYFUNCTION("""COMPUTED_VALUE"""),"✅") -> ✅ | J24: =IFERROR(__xludf.DUMMYFUNCTION("""COMPUTED_VALUE"""),"✅") -> ✅ | K24: =IFERROR(__xludf.DUMMYFUNCTION("""COMPUTED_VALUE"""),"✅") -> ✅ | L24: =IFERROR(__xludf.DUMMYFUNCTION("""COMPUTED_VALUE"""),"✅") -> ✅ | M24: =IFERROR(__xludf.DUMMYFUNCTION("""COMPUTED_VALUE"""),"✅") -> ✅ | N24: =IFERROR(__xludf.DUMMYFUNCTION("""COMPUTED_VALUE"""),"✅") -> ✅ | ... Q24: =IFERROR(__xludf.DUMMYFUNCTION("""COMPUTED_VALUE"""),"✅") -> ✅ | R24: =IFERROR(__xludf.DUMMYFUNCTION("""COMPUTED_VALUE""")," ✅") -> ✅ | T24: =IFERROR(__xludf.DUMMYFUNCTION("""COMPUTED_VALUE"""),"➖") -> ➖ | U24: =IFERROR(__xludf.DUMMYFUNCTION("""COMPUTED_VALUE"""),"➖") -> ➖
D25: =IFERROR(__xludf.DUMMYFUNCTION("""COMPUTED_VALUE""")," U") -> U | E25: =IFERROR(__xludf.DUMMYFUNCTION("""COMPUTED_VALUE"""),"KOTH") -> KOTH | F25: =IFERROR(__xludf.DUMMYFUNCTION("""COMPUTED_VALUE"""),"CM") -> CM | G25: =IFERROR(__xludf.DUMMYFUNCTION("""COMPUTED_VALUE"""),"➖") -> ➖ | H25: =IFERROR(__xludf.DUMMYFUNCTION("""COMPUTED_VALUE"""),"➖") -> ➖ | I25: =IFERROR(__xludf.DUMMYFUNCTION("""COMPUTED_VALUE"""),"➖") -> ➖ | J25: =IFERROR(__xludf.DUMMYFUNCTION("""COMPUTED_VALUE"""),"➖") -> ➖ | K25: =IFERROR(__xludf.DUMMYFUNCTION("""COMPUTED_VALUE"""),"➖") -> ➖ | L25: =IFERROR(__xludf.DUMMYFUNCTION("""COMPUTED_VALUE"""),"➖") -> ➖ | M25: =IFERROR(__xludf.DUMMYFUNCTION("""COMPUTED_VALUE"""),"➖") -> ➖ | N25: =IFERROR(__xludf.DUMMYFUNCTION("""COMPUTED_VALUE"""),"➖") -> ➖ | ... Q25: =IFERROR(__xludf.DUMMYFUNCTION("""COMPUTED_VALUE"""),"➖") -> ➖ | R25: =IFERROR(__xludf.DUMMYFUNCTION("""COMPUTED_VALUE""")," ➖") -> ➖ | T25: =IFERROR(__xludf.DUMMYFUNCTION("""COMPUTED_VALUE"""),"➖") -> ➖ | U25: =IFERROR(__xludf.DUMMYFUNCTION("""COMPUTED_VALUE"""),"✅") -> ✅
D26: =IFERROR(__xludf.DUMMYFUNCTION("""COMPUTED_VALUE""")," U") -> U | E26: =IFERROR(__xludf.DUMMYFUNCTION("""COMPUTED_VALUE"""),"KOTH") -> KOTH | F26: =IFERROR(__xludf.DUMMYFUNCTION("""COMPUTED_VALUE"""),"OA") -> OA | G26: =IFERROR(__xludf.DUMMYFUNCTION("""COMPUTED_VALUE"""),"✴️") -> ✴️ | H26: =IFERROR(__xludf.DUMMYFUNCTION("""COMPUTED_VALUE"""),"✴️") -> ✴️ | I26: =IFERROR(__xludf.DUMMYFUNCTION("""COMPUTED_VALUE"""),"✴️") -> ✴️ | J26: =IFERROR(__xludf.DUMMYFUNCTION("""COMPUTED_VALUE"""),"✴️") -> ✴️ | K26: =IFERROR(__xludf.DUMMYFUNCTION("""COMPUTED_VALUE"""),"✴️") -> ✴️ | L26: =IFERROR(__xludf.DUMMYFUNCTION("""COMPUTED_VALUE"""),"✴️") -> ✴️ | M26: =IFERROR(__xludf.DUMMYFUNCTION("""COMPUTED_VALUE"""),"✴️") -> ✴️ | N26: =IFERROR(__xludf.DUMMYFUNCTION("""COMPUTED_VALUE"""),"✴️") -> ✴️ | ... Q26: =IFERROR(__xludf.DUMMYFUNCTION("""COMPUTED_VALUE"""),"✴️") -> ✴️ | R26: =IFERROR(__xludf.DUMMYFUNCTION("""COMPUTED_VALUE""")," ✴️") -> ✴️ | S26: =IFERROR(__xludf.DUMMYFUNCTION("""COMPUTED_VALUE"""),"ModuleKinetic, TargetHasHullBreach") -> ModuleKinetic, TargetHasHullBreach | T26: =IFERROR(__xludf.DUMMYFUNCTION("""COMPUTED_VALUE"""),"➖") -> ➖ | U26: =IFERROR(__xludf.DUMMYFUNCTION("""COMPUTED_VALUE"""),"➖") -> ➖
D27: =IFERROR(__xludf.DUMMYFUNCTION("""COMPUTED_VALUE""")," U") -> U | E27: =IFERROR(__xludf.DUMMYFUNCTION("""COMPUTED_VALUE"""),"WOTELN") -> WOTELN | F27: =IFERROR(__xludf.DUMMYFUNCTION("""COMPUTED_VALUE"""),"CM") -> CM | G27: =IFERROR(__xludf.DUMMYFUNCTION("""COMPUTED_VALUE"""),"✴️") -> ✴️ | H27: =IFERROR(__xludf.DUMMYFUNCTION("""COMPUTED_VALUE"""),"✴️") -> ✴️ | I27: =IFERROR(__xludf.DUMMYFUNCTION("""COMPUTED_VALUE"""),"✴️") -> ✴️ | J27: =IFERROR(__xludf.DUMMYFUNCTION("""COMPUTED_VALUE"""),"✴️") -> ✴️ | K27: =IFERROR(__xludf.DUMMYFUNCTION("""COMPUTED_VALUE"""),"✴️") -> ✴️ | L27: =IFERROR(__xludf.DUMMYFUNCTION("""COMPUTED_VALUE"""),"✴️") -> ✴️ | M27: =IFERROR(__xludf.DUMMYFUNCTION("""COMPUTED_VALUE"""),"✴️") -> ✴️ | N27: =IFERROR(__xludf.DUMMYFUNCTION("""COMPUTED_VALUE"""),"✴️") -> ✴️ | ... Q27: =IFERROR(__xludf.DUMMYFUNCTION("""COMPUTED_VALUE"""),"✴️") -> ✴️ | R27: =IFERROR(__xludf.DUMMYFUNCTION("""COMPUTED_VALUE""")," ✴️") -> ✴️ | S27: =IFERROR(__xludf.DUMMYFUNCTION("""COMPUTED_VALUE"""),"EnemyBattleship") -> EnemyBattleship | T27: =IFERROR(__xludf.DUMMYFUNCTION("""COMPUTED_VALUE"""),"➖") -> ➖ | U27: =IFERROR(__xludf.DUMMYFUNCTION("""COMPUTED_VALUE"""),"➖") -> ➖
D28: =IFERROR(__xludf.DUMMYFUNCTION("""COMPUTED_VALUE""")," U") -> U | E28: =IFERROR(__xludf.DUMMYFUNCTION("""COMPUTED_VALUE"""),"WOTELN") -> WOTELN | F28: =IFERROR(__xludf.DUMMYFUNCTION("""COMPUTED_VALUE"""),"OA") -> OA | G28: =IFERROR(__xludf.DUMMYFUNCTION("""COMPUTED_VALUE"""),"✴️") -> ✴️ | H28: =IFERROR(__xludf.DUMMYFUNCTION("""COMPUTED_VALUE"""),"✴️") -> ✴️ | I28: =IFERROR(__xludf.DUMMYFUNCTION("""COMPUTED_VALUE"""),"✴️") -> ✴️ | J28: =IFERROR(__xludf.DUMMYFUNCTION("""COMPUTED_VALUE"""),"✴️") -> ✴️ | K28: =IFERROR(__xludf.DUMMYFUNCTION("""COMPUTED_VALUE"""),"✴️") -> ✴️ | L28: =IFERROR(__xludf.DUMMYFUNCTION("""COMPUTED_VALUE"""),"✴️") -> ✴️ | M28: =IFERROR(__xludf.DUMMYFUNCTION("""COMPUTED_VALUE"""),"✴️") -> ✴️ | N28: =IFERROR(__xludf.DUMMYFUNCTION("""COMPUTED_VALUE"""),"✴️") -> ✴️ | ... Q28: =IFERROR(__xludf.DUMMYFUNCTION("""COMPUTED_VALUE"""),"✴️") -> ✴️ | R28: =IFERROR(__xludf.DUMMYFUNCTION("""COMPUTED_VALUE""")," ✴️") -> ✴️ | S28: =IFERROR(__xludf.DUMMYFUNCTION("""COMPUTED_VALUE"""),"SelfInterceptor") -> SelfInterceptor | T28: =IFERROR(__xludf.DUMMYFUNCTION("""COMPUTED_VALUE"""),"➖") -> ➖ | U28: =IFERROR(__xludf.DUMMYFUNCTION("""COMPUTED_VALUE"""),"➖") -> ➖
D29: =IFERROR(__xludf.DUMMYFUNCTION("""COMPUTED_VALUE""")," U") -> U | E29: =IFERROR(__xludf.DUMMYFUNCTION("""COMPUTED_VALUE"""),"M'RAL") -> M'RAL | F29: =IFERROR(__xludf.DUMMYFUNCTION("""COMPUTED_VALUE"""),"CM") -> CM | G29: =IFERROR(__xludf.DUMMYFUNCTION("""COMPUTED_VALUE"""),"✅") -> ✅ | H29: =IFERROR(__xludf.DUMMYFUNCTION("""COMPUTED_VALUE"""),"✅") -> ✅ | I29: =IFERROR(__xludf.DUMMYFUNCTION("""COMPUTED_VALUE"""),"✅") -> ✅ | J29: =IFERROR(__xludf.DUMMYFUNCTION("""COMPUTED_VALUE"""),"✅") -> ✅ | K29: =IFERROR(__xludf.DUMMYFUNCTION("""COMPUTED_VALUE"""),"✅") -> ✅ | L29: =IFERROR(__xludf.DUMMYFUNCTION("""COMPUTED_VALUE"""),"✅") -> ✅ | M29: =IFERROR(__xludf.DUMMYFUNCTION("""COMPUTED_VALUE"""),"✅") -> ✅ | N29: =IFERROR(__xludf.DUMMYFUNCTION("""COMPUTED_VALUE"""),"✅") -> ✅ | ... Q29: =IFERROR(__xludf.DUMMYFUNCTION("""COMPUTED_VALUE"""),"✅") -> ✅ | R29: =IFERROR(__xludf.DUMMYFUNCTION("""COMPUTED_VALUE""")," ✅") -> ✅ | T29: =IFERROR(__xludf.DUMMYFUNCTION("""COMPUTED_VALUE"""),"➖") -> ➖ | U29: =IFERROR(__xludf.DUMMYFUNCTION("""COMPUTED_VALUE"""),"➖") -> ➖
D30: =IFERROR(__xludf.DUMMYFUNCTION("""COMPUTED_VALUE""")," U") -> U | E30: =IFERROR(__xludf.DUMMYFUNCTION("""COMPUTED_VALUE"""),"M'RAL") -> M'RAL | F30: =IFERROR(__xludf.DUMMYFUNCTION("""COMPUTED_VALUE"""),"OA") -> OA | G30: =IFERROR(__xludf.DUMMYFUNCTION("""COMPUTED_VALUE"""),"✅") -> ✅ | H30: =IFERROR(__xludf.DUMMYFUNCTION("""COMPUTED_VALUE"""),"✅") -> ✅ | I30: =IFERROR(__xludf.DUMMYFUNCTION("""COMPUTED_VALUE"""),"✅") -> ✅ | J30: =IFERROR(__xludf.DUMMYFUNCTION("""COMPUTED_VALUE"""),"✅") -> ✅ | K30: =IFERROR(__xludf.DUMMYFUNCTION("""COMPUTED_VALUE"""),"✅") -> ✅ | L30: =IFERROR(__xludf.DUMMYFUNCTION("""COMPUTED_VALUE"""),"✅") -> ✅ | M30: =IFERROR(__xludf.DUMMYFUNCTION("""COMPUTED_VALUE"""),"✅") -> ✅ | N30: =IFERROR(__xludf.DUMMYFUNCTION("""COMPUTED_VALUE"""),"✅") -> ✅ | ... Q30: =IFERROR(__xludf.DUMMYFUNCTION("""COMPUTED_VALUE"""),"✅") -> ✅ | R30: =IFERROR(__xludf.DUMMYFUNCTION("""COMPUTED_VALUE""")," ✅") -> ✅ | T30: =IFERROR(__xludf.DUMMYFUNCTION("""COMPUTED_VALUE"""),"➖") -> ➖ | U30: =IFERROR(__xludf.DUMMYFUNCTION("""COMPUTED_VALUE"""),"➖") -> ➖
D31: =IFERROR(__xludf.DUMMYFUNCTION("""COMPUTED_VALUE""")," E") -> E | E31: =IFERROR(__xludf.DUMMYFUNCTION("""COMPUTED_VALUE"""),"NERO") -> NERO | F31: =IFERROR(__xludf.DUMMYFUNCTION("""COMPUTED_VALUE"""),"CM") -> CM | G31: =IFERROR(__xludf.DUMMYFUNCTION("""COMPUTED_VALUE"""),"✴️") -> ✴️ | H31: =IFERROR(__xludf.DUMMYFUNCTION("""COMPUTED_VALUE"""),"✴️") -> ✴️ | I31: =IFERROR(__xludf.DUMMYFUNCTION("""COMPUTED_VALUE"""),"✴️") -> ✴️ | J31: =IFERROR(__xludf.DUMMYFUNCTION("""COMPUTED_VALUE"""),"✴️") -> ✴️ | K31: =IFERROR(__xludf.DUMMYFUNCTION("""COMPUTED_VALUE"""),"✴️") -> ✴️ | L31: =IFERROR(__xludf.DUMMYFUNCTION("""COMPUTED_VALUE"""),"✴️") -> ✴️ | M31: =IFERROR(__xludf.DUMMYFUNCTION("""COMPUTED_VALUE"""),"✴️") -> ✴️ | N31: =IFERROR(__xludf.DUMMYFUNCTION("""COMPUTED_VALUE"""),"✴️") -> ✴️ | ... Q31: =IFERROR(__xludf.DUMMYFUNCTION("""COMPUTED_VALUE"""),"✴️") -> ✴️ | R31: =IFERROR(__xludf.DUMMYFUNCTION("""COMPUTED_VALUE""")," ✴️") -> ✴️ | S31: =IFERROR(__xludf.DUMMYFUNCTION("""COMPUTED_VALUE"""),"TargetHasBurning") -> TargetHasBurning | T31: =IFERROR(__xludf.DUMMYFUNCTION("""COMPUTED_VALUE"""),"➖") -> ➖ | U31: =IFERROR(__xludf.DUMMYFUNCTION("""COMPUTED_VALUE"""),"➖") -> ➖
D32: =IFERROR(__xludf.DUMMYFUNCTION("""COMPUTED_VALUE""")," E") -> E | E32: =IFERROR(__xludf.DUMMYFUNCTION("""COMPUTED_VALUE"""),"NERO") -> NERO | F32: =IFERROR(__xludf.DUMMYFUNCTION("""COMPUTED_VALUE"""),"OA") -> OA | G32: =IFERROR(__xludf.DUMMYFUNCTION("""COMPUTED_VALUE"""),"✅") -> ✅ | H32: =IFERROR(__xludf.DUMMYFUNCTION("""COMPUTED_VALUE"""),"✅") -> ✅ | I32: =IFERROR(__xludf.DUMMYFUNCTION("""COMPUTED_VALUE"""),"✅") -> ✅ | J32: =IFERROR(__xludf.DUMMYFUNCTION("""COMPUTED_VALUE"""),"✅") -> ✅ | K32: =IFERROR(__xludf.DUMMYFUNCTION("""COMPUTED_VALUE"""),"✅") -> ✅ | L32: =IFERROR(__xludf.DUMMYFUNCTION("""COMPUTED_VALUE"""),"✅") -> ✅ | M32: =IFERROR(__xludf.DUMMYFUNCTION("""COMPUTED_VALUE"""),"✅") -> ✅ | N32: =IFERROR(__xludf.DUMMYFUNCTION("""COMPUTED_VALUE"""),"✅") -> ✅ | ... Q32: =IFERROR(__xludf.DUMMYFUNCTION("""COMPUTED_VALUE"""),"✅") -> ✅ | R32: =IFERROR(__xludf.DUMMYFUNCTION("""COMPUTED_VALUE""")," ✅") -> ✅ | T32: =IFERROR(__xludf.DUMMYFUNCTION("""COMPUTED_VALUE"""),"➖") -> ➖ | U32: =IFERROR(__xludf.DUMMYFUNCTION("""COMPUTED_VALUE"""),"➖") -> ➖
D33: =IFERROR(__xludf.DUMMYFUNCTION("""COMPUTED_VALUE""")," R") -> R | E33: =IFERROR(__xludf.DUMMYFUNCTION("""COMPUTED_VALUE"""),"VEMET") -> VEMET | F33: =IFERROR(__xludf.DUMMYFUNCTION("""COMPUTED_VALUE"""),"CM") -> CM | G33: =IFERROR(__xludf.DUMMYFUNCTION("""COMPUTED_VALUE"""),"✅") -> ✅ | H33: =IFERROR(__xludf.DUMMYFUNCTION("""COMPUTED_VALUE"""),"✅") -> ✅ | I33: =IFERROR(__xludf.DUMMYFUNCTION("""COMPUTED_VALUE"""),"✅") -> ✅ | J33: =IFERROR(__xludf.DUMMYFUNCTION("""COMPUTED_VALUE"""),"✅") -> ✅ | K33: =IFERROR(__xludf.DUMMYFUNCTION("""COMPUTED_VALUE"""),"✅") -> ✅ | L33: =IFERROR(__xludf.DUMMYFUNCTION("""COMPUTED_VALUE"""),"✅") -> ✅ | M33: =IFERROR(__xludf.DUMMYFUNCTION("""COMPUTED_VALUE"""),"✅") -> ✅ | N33: =IFERROR(__xludf.DUMMYFUNCTION("""COMPUTED_VALUE"""),"✅") -> ✅ | ... Q33: =IFERROR(__xludf.DUMMYFUNCTION("""COMPUTED_VALUE"""),"✅") -> ✅ | R33: =IFERROR(__xludf.DUMMYFUNCTION("""COMPUTED_VALUE""")," ✅") -> ✅ | T33: =IFERROR(__xludf.DUMMYFUNCTION("""COMPUTED_VALUE"""),"➖") -> ➖ | U33: =IFERROR(__xludf.DUMMYFUNCTION("""COMPUTED_VALUE"""),"➖") -> ➖
D34: =IFERROR(__xludf.DUMMYFUNCTION("""COMPUTED_VALUE""")," R") -> R | E34: =IFERROR(__xludf.DUMMYFUNCTION("""COMPUTED_VALUE"""),"VEMET") -> VEMET | F34: =IFERROR(__xludf.DUMMYFUNCTION("""COMPUTED_VALUE"""),"OA") -> OA | G34: =IFERROR(__xludf.DUMMYFUNCTION("""COMPUTED_VALUE"""),"✴️") -> ✴️ | H34: =IFERROR(__xludf.DUMMYFUNCTION("""COMPUTED_VALUE"""),"✴️") -> ✴️ | I34: =IFERROR(__xludf.DUMMYFUNCTION("""COMPUTED_VALUE"""),"✴️") -> ✴️ | J34: =IFERROR(__xludf.DUMMYFUNCTION("""COMPUTED_VALUE"""),"✴️") -> ✴️ | K34: =IFERROR(__xludf.DUMMYFUNCTION("""COMPUTED_VALUE"""),"✴️") -> ✴️ | L34: =IFERROR(__xludf.DUMMYFUNCTION("""COMPUTED_VALUE"""),"✴️") -> ✴️ | M34: =IFERROR(__xludf.DUMMYFUNCTION("""COMPUTED_VALUE"""),"✴️") -> ✴️ | N34: =IFERROR(__xludf.DUMMYFUNCTION("""COMPUTED_VALUE"""),"✴️") -> ✴️ | ... Q34: =IFERROR(__xludf.DUMMYFUNCTION("""COMPUTED_VALUE"""),"✴️") -> ✴️ | R34: =IFERROR(__xludf.DUMMYFUNCTION("""COMPUTED_VALUE""")," ✴️") -> ✴️ | S34: =IFERROR(__xludf.DUMMYFUNCTION("""COMPUTED_VALUE"""),"TargetHasBurning") -> TargetHasBurning | T34: =IFERROR(__xludf.DUMMYFUNCTION("""COMPUTED_VALUE"""),"➖") -> ➖ | U34: =IFERROR(__xludf.DUMMYFUNCTION("""COMPUTED_VALUE"""),"➖") -> ➖
D35: =IFERROR(__xludf.DUMMYFUNCTION("""COMPUTED_VALUE""")," R") -> R | E35: =IFERROR(__xludf.DUMMYFUNCTION("""COMPUTED_VALUE"""),"KUMAK") -> KUMAK | F35: =IFERROR(__xludf.DUMMYFUNCTION("""COMPUTED_VALUE"""),"CM") -> CM | G35: =IFERROR(__xludf.DUMMYFUNCTION("""COMPUTED_VALUE"""),"✅") -> ✅ | H35: =IFERROR(__xludf.DUMMYFUNCTION("""COMPUTED_VALUE"""),"✅") -> ✅ | I35: =IFERROR(__xludf.DUMMYFUNCTION("""COMPUTED_VALUE"""),"✅") -> ✅ | J35: =IFERROR(__xludf.DUMMYFUNCTION("""COMPUTED_VALUE"""),"✅") -> ✅ | K35: =IFERROR(__xludf.DUMMYFUNCTION("""COMPUTED_VALUE"""),"✅") -> ✅ | L35: =IFERROR(__xludf.DUMMYFUNCTION("""COMPUTED_VALUE"""),"✅") -> ✅ | M35: =IFERROR(__xludf.DUMMYFUNCTION("""COMPUTED_VALUE"""),"✅") -> ✅ | N35: =IFERROR(__xludf.DUMMYFUNCTION("""COMPUTED_VALUE"""),"✅") -> ✅ | ... Q35: =IFERROR(__xludf.DUMMYFUNCTION("""COMPUTED_VALUE"""),"✅") -> ✅ | R35: =IFERROR(__xludf.DUMMYFUNCTION("""COMPUTED_VALUE""")," ✅") -> ✅ | T35: =IFERROR(__xludf.DUMMYFUNCTION("""COMPUTED_VALUE"""),"➖") -> ➖ | U35: =IFERROR(__xludf.DUMMYFUNCTION("""COMPUTED_VALUE"""),"➖") -> ➖
D36: =IFERROR(__xludf.DUMMYFUNCTION("""COMPUTED_VALUE""")," R") -> R | E36: =IFERROR(__xludf.DUMMYFUNCTION("""COMPUTED_VALUE"""),"KUMAK") -> KUMAK | F36: =IFERROR(__xludf.DUMMYFUNCTION("""COMPUTED_VALUE"""),"OA") -> OA | G36: =IFERROR(__xludf.DUMMYFUNCTION("""COMPUTED_VALUE"""),"✴️") -> ✴️ | H36: =IFERROR(__xludf.DUMMYFUNCTION("""COMPUTED_VALUE"""),"✴️") -> ✴️ | I36: =IFERROR(__xludf.DUMMYFUNCTION("""COMPUTED_VALUE"""),"✴️") -> ✴️ | J36: =IFERROR(__xludf.DUMMYFUNCTION("""COMPUTED_VALUE"""),"✴️") -> ✴️ | K36: =IFERROR(__xludf.DUMMYFUNCTION("""COMPUTED_VALUE"""),"✴️") -> ✴️ | L36: =IFERROR(__xludf.DUMMYFUNCTION("""COMPUTED_VALUE"""),"✴️") -> ✴️ | M36: =IFERROR(__xludf.DUMMYFUNCTION("""COMPUTED_VALUE"""),"✴️") -> ✴️ | N36: =IFERROR(__xludf.DUMMYFUNCTION("""COMPUTED_VALUE"""),"✴️") -> ✴️ | ... Q36: =IFERROR(__xludf.DUMMYFUNCTION("""COMPUTED_VALUE"""),"✴️") -> ✴️ | R36: =IFERROR(__xludf.DUMMYFUNCTION("""COMPUTED_VALUE""")," ✴️") -> ✴️ | S36: =IFERROR(__xludf.DUMMYFUNCTION("""COMPUTED_VALUE"""),"TargetHasBurning") -> TargetHasBurning | T36: =IFERROR(__xludf.DUMMYFUNCTION("""COMPUTED_VALUE"""),"➖") -> ➖ | U36: =IFERROR(__xludf.DUMMYFUNCTION("""COMPUTED_VALUE"""),"➖") -> ➖
D37: =IFERROR(__xludf.DUMMYFUNCTION("""COMPUTED_VALUE""")," R") -> R | E37: =IFERROR(__xludf.DUMMYFUNCTION("""COMPUTED_VALUE"""),"LIVIS") -> LIVIS | F37: =IFERROR(__xludf.DUMMYFUNCTION("""COMPUTED_VALUE"""),"CM") -> CM | G37: =IFERROR(__xludf.DUMMYFUNCTION("""COMPUTED_VALUE"""),"➖") -> ➖ | H37: =IFERROR(__xludf.DUMMYFUNCTION("""COMPUTED_VALUE"""),"➖") -> ➖ | I37: =IFERROR(__xludf.DUMMYFUNCTION("""COMPUTED_VALUE"""),"➖") -> ➖ | J37: =IFERROR(__xludf.DUMMYFUNCTION("""COMPUTED_VALUE"""),"➖") -> ➖ | K37: =IFERROR(__xludf.DUMMYFUNCTION("""COMPUTED_VALUE"""),"➖") -> ➖ | L37: =IFERROR(__xludf.DUMMYFUNCTION("""COMPUTED_VALUE"""),"➖") -> ➖ | M37: =IFERROR(__xludf.DUMMYFUNCTION("""COMPUTED_VALUE"""),"➖") -> ➖ | N37: =IFERROR(__xludf.DUMMYFUNCTION("""COMPUTED_VALUE"""),"➖") -> ➖ | ... Q37: =IFERROR(__xludf.DUMMYFUNCTION("""COMPUTED_VALUE"""),"➖") -> ➖ | R37: =IFERROR(__xludf.DUMMYFUNCTION("""COMPUTED_VALUE""")," ➖") -> ➖ | T37: =IFERROR(__xludf.DUMMYFUNCTION("""COMPUTED_VALUE"""),"➖") -> ➖ | U37: =IFERROR(__xludf.DUMMYFUNCTION("""COMPUTED_VALUE"""),"✅") -> ✅
D38: =IFERROR(__xludf.DUMMYFUNCTION("""COMPUTED_VALUE""")," R") -> R | E38: =IFERROR(__xludf.DUMMYFUNCTION("""COMPUTED_VALUE"""),"LIVIS") -> LIVIS | F38: =IFERROR(__xludf.DUMMYFUNCTION("""COMPUTED_VALUE"""),"OA") -> OA | G38: =IFERROR(__xludf.DUMMYFUNCTION("""COMPUTED_VALUE"""),"✴️") -> ✴️ | H38: =IFERROR(__xludf.DUMMYFUNCTION("""COMPUTED_VALUE"""),"✴️") -> ✴️ | I38: =IFERROR(__xludf.DUMMYFUNCTION("""COMPUTED_VALUE"""),"✴️") -> ✴️ | J38: =IFERROR(__xludf.DUMMYFUNCTION("""COMPUTED_VALUE"""),"✴️") -> ✴️ | K38: =IFERROR(__xludf.DUMMYFUNCTION("""COMPUTED_VALUE"""),"✴️") -> ✴️ | L38: =IFERROR(__xludf.DUMMYFUNCTION("""COMPUTED_VALUE"""),"✴️") -> ✴️ | M38: =IFERROR(__xludf.DUMMYFUNCTION("""COMPUTED_VALUE"""),"✴️") -> ✴️ | N38: =IFERROR(__xludf.DUMMYFUNCTION("""COMPUTED_VALUE"""),"✴️") -> ✴️ | ... Q38: =IFERROR(__xludf.DUMMYFUNCTION("""COMPUTED_VALUE"""),"✴️") -> ✴️ | R38: =IFERROR(__xludf.DUMMYFUNCTION("""COMPUTED_VALUE""")," ✴️") -> ✴️ | S38: =IFERROR(__xludf.DUMMYFUNCTION("""COMPUTED_VALUE"""),"SelfBattleship") -> SelfBattleship | T38: =IFERROR(__xludf.DUMMYFUNCTION("""COMPUTED_VALUE"""),"➖") -> ➖ | U38: =IFERROR(__xludf.DUMMYFUNCTION("""COMPUTED_VALUE"""),"➖") -> ➖
D39: =IFERROR(__xludf.DUMMYFUNCTION("""COMPUTED_VALUE""")," U") -> U | E39: =IFERROR(__xludf.DUMMYFUNCTION("""COMPUTED_VALUE"""),"ARIX") -> ARIX | F39: =IFERROR(__xludf.DUMMYFUNCTION("""COMPUTED_VALUE"""),"CM") -> CM | G39: =IFERROR(__xludf.DUMMYFUNCTION("""COMPUTED_VALUE"""),"✴️") -> ✴️ | H39: =IFERROR(__xludf.DUMMYFUNCTION("""COMPUTED_VALUE"""),"✴️") -> ✴️ | I39: =IFERROR(__xludf.DUMMYFUNCTION("""COMPUTED_VALUE"""),"✴️") -> ✴️ | J39: =IFERROR(__xludf.DUMMYFUNCTION("""COMPUTED_VALUE"""),"✴️") -> ✴️ | K39: =IFERROR(__xludf.DUMMYFUNCTION("""COMPUTED_VALUE"""),"✴️") -> ✴️ | L39: =IFERROR(__xludf.DUMMYFUNCTION("""COMPUTED_VALUE"""),"✴️") -> ✴️ | M39: =IFERROR(__xludf.DUMMYFUNCTION("""COMPUTED_VALUE"""),"✴️") -> ✴️ | N39: =IFERROR(__xludf.DUMMYFUNCTION("""COMPUTED_VALUE"""),"✴️") -> ✴️ | ... Q39: =IFERROR(__xludf.DUMMYFUNCTION("""COMPUTED_VALUE"""),"✴️") -> ✴️ | R39: =IFERROR(__xludf.DUMMYFUNCTION("""COMPUTED_VALUE""")," ✴️") -> ✴️ | S39: =IFERROR(__xludf.DUMMYFUNCTION("""COMPUTED_VALUE"""),"HitEnemyWithEnergy") -> HitEnemyWithEnergy | T39: =IFERROR(__xludf.DUMMYFUNCTION("""COMPUTED_VALUE"""),"➖") -> ➖ | U39: =IFERROR(__xludf.DUMMYFUNCTION("""COMPUTED_VALUE"""),"➖") -> ➖
D40: =IFERROR(__xludf.DUMMYFUNCTION("""COMPUTED_VALUE""")," U") -> U | E40: =IFERROR(__xludf.DUMMYFUNCTION("""COMPUTED_VALUE"""),"ARIX") -> ARIX | F40: =IFERROR(__xludf.DUMMYFUNCTION("""COMPUTED_VALUE"""),"OA") -> OA | G40: =IFERROR(__xludf.DUMMYFUNCTION("""COMPUTED_VALUE"""),"✴️") -> ✴️ | H40: =IFERROR(__xludf.DUMMYFUNCTION("""COMPUTED_VALUE"""),"✴️") -> ✴️ | I40: =IFERROR(__xludf.DUMMYFUNCTION("""COMPUTED_VALUE"""),"✴️") -> ✴️ | J40: =IFERROR(__xludf.DUMMYFUNCTION("""COMPUTED_VALUE"""),"✴️") -> ✴️ | K40: =IFERROR(__xludf.DUMMYFUNCTION("""COMPUTED_VALUE"""),"✴️") -> ✴️ | L40: =IFERROR(__xludf.DUMMYFUNCTION("""COMPUTED_VALUE"""),"✴️") -> ✴️ | M40: =IFERROR(__xludf.DUMMYFUNCTION("""COMPUTED_VALUE"""),"✴️") -> ✴️ | N40: =IFERROR(__xludf.DUMMYFUNCTION("""COMPUTED_VALUE"""),"✴️") -> ✴️ | ... Q40: =IFERROR(__xludf.DUMMYFUNCTION("""COMPUTED_VALUE"""),"✴️") -> ✴️ | R40: =IFERROR(__xludf.DUMMYFUNCTION("""COMPUTED_VALUE""")," ✴️") -> ✴️ | S40: =IFERROR(__xludf.DUMMYFUNCTION("""COMPUTED_VALUE"""),"HullHealthBelowStartOfCombat") -> HullHealthBelowStartOfCombat | T40: =IFERROR(__xludf.DUMMYFUNCTION("""COMPUTED_VALUE"""),"➖") -> ➖ | U40: =IFERROR(__xludf.DUMMYFUNCTION("""COMPUTED_VALUE"""),"➖") -> ➖
D41: =IFERROR(__xludf.DUMMYFUNCTION("""COMPUTED_VALUE""")," U") -> U | E41: =IFERROR(__xludf.DUMMYFUNCTION("""COMPUTED_VALUE"""),"VELLA") -> VELLA | F41: =IFERROR(__xludf.DUMMYFUNCTION("""COMPUTED_VALUE"""),"CM") -> CM | G41: =IFERROR(__xludf.DUMMYFUNCTION("""COMPUTED_VALUE"""),"✴️") -> ✴️ | H41: =IFERROR(__xludf.DUMMYFUNCTION("""COMPUTED_VALUE"""),"✴️") -> ✴️ | I41: =IFERROR(__xludf.DUMMYFUNCTION("""COMPUTED_VALUE"""),"✴️") -> ✴️ | J41: =IFERROR(__xludf.DUMMYFUNCTION("""COMPUTED_VALUE"""),"✴️") -> ✴️ | K41: =IFERROR(__xludf.DUMMYFUNCTION("""COMPUTED_VALUE"""),"✴️") -> ✴️ | L41: =IFERROR(__xludf.DUMMYFUNCTION("""COMPUTED_VALUE"""),"✴️") -> ✴️ | M41: =IFERROR(__xludf.DUMMYFUNCTION("""COMPUTED_VALUE"""),"✴️") -> ✴️ | N41: =IFERROR(__xludf.DUMMYFUNCTION("""COMPUTED_VALUE"""),"✴️") -> ✴️ | ... Q41: =IFERROR(__xludf.DUMMYFUNCTION("""COMPUTED_VALUE"""),"✴️") -> ✴️ | R41: =IFERROR(__xludf.DUMMYFUNCTION("""COMPUTED_VALUE""")," ✴️") -> ✴️ | S41: =IFERROR(__xludf.DUMMYFUNCTION("""COMPUTED_VALUE"""),"EnemyExplorer") -> EnemyExplorer | T41: =IFERROR(__xludf.DUMMYFUNCTION("""COMPUTED_VALUE"""),"➖") -> ➖ | U41: =IFERROR(__xludf.DUMMYFUNCTION("""COMPUTED_VALUE"""),"➖") -> ➖
D42: =IFERROR(__xludf.DUMMYFUNCTION("""COMPUTED_VALUE""")," U") -> U | E42: =IFERROR(__xludf.DUMMYFUNCTION("""COMPUTED_VALUE"""),"VELLA") -> VELLA | F42: =IFERROR(__xludf.DUMMYFUNCTION("""COMPUTED_VALUE"""),"OA") -> OA | G42: =IFERROR(__xludf.DUMMYFUNCTION("""COMPUTED_VALUE"""),"✅") -> ✅ | H42: =IFERROR(__xludf.DUMMYFUNCTION("""COMPUTED_VALUE"""),"✅") -> ✅ | I42: =IFERROR(__xludf.DUMMYFUNCTION("""COMPUTED_VALUE"""),"✅") -> ✅ | J42: =IFERROR(__xludf.DUMMYFUNCTION("""COMPUTED_VALUE"""),"✅") -> ✅ | K42: =IFERROR(__xludf.DUMMYFUNCTION("""COMPUTED_VALUE"""),"✅") -> ✅ | L42: =IFERROR(__xludf.DUMMYFUNCTION("""COMPUTED_VALUE"""),"✅") -> ✅ | M42: =IFERROR(__xludf.DUMMYFUNCTION("""COMPUTED_VALUE"""),"✅") -> ✅ | N42: =IFERROR(__xludf.DUMMYFUNCTION("""COMPUTED_VALUE"""),"✅") -> ✅ | ... Q42: =IFERROR(__xludf.DUMMYFUNCTION("""COMPUTED_VALUE"""),"✅") -> ✅ | R42: =IFERROR(__xludf.DUMMYFUNCTION("""COMPUTED_VALUE""")," ✅") -> ✅ | T42: =IFERROR(__xludf.DUMMYFUNCTION("""COMPUTED_VALUE"""),"➖") -> ➖ | U42: =IFERROR(__xludf.DUMMYFUNCTION("""COMPUTED_VALUE"""),"➖") -> ➖
D43: =IFERROR(__xludf.DUMMYFUNCTION("""COMPUTED_VALUE""")," U") -> U | E43: =IFERROR(__xludf.DUMMYFUNCTION("""COMPUTED_VALUE"""),"JAVAID") -> JAVAID | F43: =IFERROR(__xludf.DUMMYFUNCTION("""COMPUTED_VALUE"""),"CM") -> CM | G43: =IFERROR(__xludf.DUMMYFUNCTION("""COMPUTED_VALUE"""),"✅") -> ✅ | H43: =IFERROR(__xludf.DUMMYFUNCTION("""COMPUTED_VALUE"""),"✅") -> ✅ | I43: =IFERROR(__xludf.DUMMYFUNCTION("""COMPUTED_VALUE"""),"✅") -> ✅ | J43: =IFERROR(__xludf.DUMMYFUNCTION("""COMPUTED_VALUE"""),"✅") -> ✅ | K43: =IFERROR(__xludf.DUMMYFUNCTION("""COMPUTED_VALUE"""),"✅") -> ✅ | L43: =IFERROR(__xludf.DUMMYFUNCTION("""COMPUTED_VALUE"""),"✅") -> ✅ | M43: =IFERROR(__xludf.DUMMYFUNCTION("""COMPUTED_VALUE"""),"✅") -> ✅ | N43: =IFERROR(__xludf.DUMMYFUNCTION("""COMPUTED_VALUE"""),"✅") -> ✅ | ... Q43: =IFERROR(__xludf.DUMMYFUNCTION("""COMPUTED_VALUE"""),"✅") -> ✅ | R43: =IFERROR(__xludf.DUMMYFUNCTION("""COMPUTED_VALUE""")," ✅") -> ✅ | T43: =IFERROR(__xludf.DUMMYFUNCTION("""COMPUTED_VALUE"""),"➖") -> ➖ | U43: =IFERROR(__xludf.DUMMYFUNCTION("""COMPUTED_VALUE"""),"➖") -> ➖
D44: =IFERROR(__xludf.DUMMYFUNCTION("""COMPUTED_VALUE""")," U") -> U | E44: =IFERROR(__xludf.DUMMYFUNCTION("""COMPUTED_VALUE"""),"JAVAID") -> JAVAID | F44: =IFERROR(__xludf.DUMMYFUNCTION("""COMPUTED_VALUE"""),"OA") -> OA | G44: =IFERROR(__xludf.DUMMYFUNCTION("""COMPUTED_VALUE"""),"✴️") -> ✴️ | H44: =IFERROR(__xludf.DUMMYFUNCTION("""COMPUTED_VALUE"""),"✴️") -> ✴️ | I44: =IFERROR(__xludf.DUMMYFUNCTION("""COMPUTED_VALUE"""),"✴️") -> ✴️ | J44: =IFERROR(__xludf.DUMMYFUNCTION("""COMPUTED_VALUE"""),"✴️") -> ✴️ | K44: =IFERROR(__xludf.DUMMYFUNCTION("""COMPUTED_VALUE"""),"✴️") -> ✴️ | L44: =IFERROR(__xludf.DUMMYFUNCTION("""COMPUTED_VALUE"""),"✴️") -> ✴️ | M44: =IFERROR(__xludf.DUMMYFUNCTION("""COMPUTED_VALUE"""),"✴️") -> ✴️ | N44: =IFERROR(__xludf.DUMMYFUNCTION("""COMPUTED_VALUE"""),"✴️") -> ✴️ | ... Q44: =IFERROR(__xludf.DUMMYFUNCTION("""COMPUTED_VALUE"""),"✴️") -> ✴️ | R44: =IFERROR(__xludf.DUMMYFUNCTION("""COMPUTED_VALUE""")," ✴️") -> ✴️ | S44: =IFERROR(__xludf.DUMMYFUNCTION("""COMPUTED_VALUE"""),"SelfBattleship") -> SelfBattleship | T44: =IFERROR(__xludf.DUMMYFUNCTION("""COMPUTED_VALUE"""),"➖") -> ➖ | U44: =IFERROR(__xludf.DUMMYFUNCTION("""COMPUTED_VALUE"""),"➖") -> ➖
D45: =IFERROR(__xludf.DUMMYFUNCTION("""COMPUTED_VALUE""")," R") -> R | E45: =IFERROR(__xludf.DUMMYFUNCTION("""COMPUTED_VALUE"""),"T'PRING") -> T'PRING | F45: =IFERROR(__xludf.DUMMYFUNCTION("""COMPUTED_VALUE"""),"CM") -> CM | G45: =IFERROR(__xludf.DUMMYFUNCTION("""COMPUTED_VALUE"""),"➖") -> ➖ | H45: =IFERROR(__xludf.DUMMYFUNCTION("""COMPUTED_VALUE"""),"➖") -> ➖ | I45: =IFERROR(__xludf.DUMMYFUNCTION("""COMPUTED_VALUE"""),"➖") -> ➖ | J45: =IFERROR(__xludf.DUMMYFUNCTION("""COMPUTED_VALUE"""),"➖") -> ➖ | K45: =IFERROR(__xludf.DUMMYFUNCTION("""COMPUTED_VALUE"""),"➖") -> ➖ | L45: =IFERROR(__xludf.DUMMYFUNCTION("""COMPUTED_VALUE"""),"➖") -> ➖ | M45: =IFERROR(__xludf.DUMMYFUNCTION("""COMPUTED_VALUE"""),"➖") -> ➖ | N45: =IFERROR(__xludf.DUMMYFUNCTION("""COMPUTED_VALUE"""),"➖") -> ➖ | ... Q45: =IFERROR(__xludf.DUMMYFUNCTION("""COMPUTED_VALUE"""),"➖") -> ➖ | R45: =IFERROR(__xludf.DUMMYFUNCTION("""COMPUTED_VALUE""")," ➖") -> ➖ | T45: =IFERROR(__xludf.DUMMYFUNCTION("""COMPUTED_VALUE"""),"➖") -> ➖ | U45: =IFERROR(__xludf.DUMMYFUNCTION("""COMPUTED_VALUE"""),"✅") -> ✅
D46: =IFERROR(__xludf.DUMMYFUNCTION("""COMPUTED_VALUE""")," R") -> R | E46: =IFERROR(__xludf.DUMMYFUNCTION("""COMPUTED_VALUE"""),"T'PRING") -> T'PRING | F46: =IFERROR(__xludf.DUMMYFUNCTION("""COMPUTED_VALUE"""),"OA") -> OA | G46: =IFERROR(__xludf.DUMMYFUNCTION("""COMPUTED_VALUE"""),"➖") -> ➖ | H46: =IFERROR(__xludf.DUMMYFUNCTION("""COMPUTED_VALUE"""),"➖") -> ➖ | I46: =IFERROR(__xludf.DUMMYFUNCTION("""COMPUTED_VALUE"""),"➖") -> ➖ | J46: =IFERROR(__xludf.DUMMYFUNCTION("""COMPUTED_VALUE"""),"➖") -> ➖ | K46: =IFERROR(__xludf.DUMMYFUNCTION("""COMPUTED_VALUE"""),"➖") -> ➖ | L46: =IFERROR(__xludf.DUMMYFUNCTION("""COMPUTED_VALUE"""),"➖") -> ➖ | M46: =IFERROR(__xludf.DUMMYFUNCTION("""COMPUTED_VALUE"""),"➖") -> ➖ | N46: =IFERROR(__xludf.DUMMYFUNCTION("""COMPUTED_VALUE"""),"➖") -> ➖ | ... Q46: =IFERROR(__xludf.DUMMYFUNCTION("""COMPUTED_VALUE"""),"➖") -> ➖ | R46: =IFERROR(__xludf.DUMMYFUNCTION("""COMPUTED_VALUE""")," ➖") -> ➖ | T46: =IFERROR(__xludf.DUMMYFUNCTION("""COMPUTED_VALUE"""),"➖") -> ➖ | U46: =IFERROR(__xludf.DUMMYFUNCTION("""COMPUTED_VALUE"""),"✅") -> ✅
D47: =IFERROR(__xludf.DUMMYFUNCTION("""COMPUTED_VALUE""")," R") -> R | E47: =IFERROR(__xludf.DUMMYFUNCTION("""COMPUTED_VALUE"""),"STONN") -> STONN | F47: =IFERROR(__xludf.DUMMYFUNCTION("""COMPUTED_VALUE"""),"CM") -> CM | G47: =IFERROR(__xludf.DUMMYFUNCTION("""COMPUTED_VALUE"""),"➖") -> ➖ | H47: =IFERROR(__xludf.DUMMYFUNCTION("""COMPUTED_VALUE"""),"➖") -> ➖ | I47: =IFERROR(__xludf.DUMMYFUNCTION("""COMPUTED_VALUE"""),"➖") -> ➖ | J47: =IFERROR(__xludf.DUMMYFUNCTION("""COMPUTED_VALUE"""),"➖") -> ➖ | K47: =IFERROR(__xludf.DUMMYFUNCTION("""COMPUTED_VALUE"""),"➖") -> ➖ | L47: =IFERROR(__xludf.DUMMYFUNCTION("""COMPUTED_VALUE"""),"➖") -> ➖ | M47: =IFERROR(__xludf.DUMMYFUNCTION("""COMPUTED_VALUE"""),"➖") -> ➖ | N47: =IFERROR(__xludf.DUMMYFUNCTION("""COMPUTED_VALUE"""),"➖") -> ➖ | ... Q47: =IFERROR(__xludf.DUMMYFUNCTION("""COMPUTED_VALUE"""),"➖") -> ➖ | R47: =IFERROR(__xludf.DUMMYFUNCTION("""COMPUTED_VALUE""")," ➖") -> ➖ | T47: =IFERROR(__xludf.DUMMYFUNCTION("""COMPUTED_VALUE"""),"➖") -> ➖ | U47: =IFERROR(__xludf.DUMMYFUNCTION("""COMPUTED_VALUE"""),"✅") -> ✅
D48: =IFERROR(__xludf.DUMMYFUNCTION("""COMPUTED_VALUE""")," R") -> R | E48: =IFERROR(__xludf.DUMMYFUNCTION("""COMPUTED_VALUE"""),"STONN") -> STONN | F48: =IFERROR(__xludf.DUMMYFUNCTION("""COMPUTED_VALUE"""),"OA") -> OA | G48: =IFERROR(__xludf.DUMMYFUNCTION("""COMPUTED_VALUE"""),"➖") -> ➖ | H48: =IFERROR(__xludf.DUMMYFUNCTION("""COMPUTED_VALUE"""),"➖") -> ➖ | I48: =IFERROR(__xludf.DUMMYFUNCTION("""COMPUTED_VALUE"""),"➖") -> ➖ | J48: =IFERROR(__xludf.DUMMYFUNCTION("""COMPUTED_VALUE"""),"➖") -> ➖ | K48: =IFERROR(__xludf.DUMMYFUNCTION("""COMPUTED_VALUE"""),"➖") -> ➖ | L48: =IFERROR(__xludf.DUMMYFUNCTION("""COMPUTED_VALUE"""),"➖") -> ➖ | M48: =IFERROR(__xludf.DUMMYFUNCTION("""COMPUTED_VALUE"""),"➖") -> ➖ | N48: =IFERROR(__xludf.DUMMYFUNCTION("""COMPUTED_VALUE"""),"➖") -> ➖ | ... Q48: =IFERROR(__xludf.DUMMYFUNCTION("""COMPUTED_VALUE"""),"➖") -> ➖ | R48: =IFERROR(__xludf.DUMMYFUNCTION("""COMPUTED_VALUE""")," ➖") -> ➖ | T48: =IFERROR(__xludf.DUMMYFUNCTION("""COMPUTED_VALUE"""),"➖") -> ➖ | U48: =IFERROR(__xludf.DUMMYFUNCTION("""COMPUTED_VALUE"""),"✅") -> ✅
D49: =IFERROR(__xludf.DUMMYFUNCTION("""COMPUTED_VALUE""")," R") -> R | E49: =IFERROR(__xludf.DUMMYFUNCTION("""COMPUTED_VALUE"""),"BAROT") -> BAROT | F49: =IFERROR(__xludf.DUMMYFUNCTION("""COMPUTED_VALUE"""),"CM") -> CM | G49: =IFERROR(__xludf.DUMMYFUNCTION("""COMPUTED_VALUE"""),"➖") -> ➖ | H49: =IFERROR(__xludf.DUMMYFUNCTION("""COMPUTED_VALUE"""),"➖") -> ➖ | I49: =IFERROR(__xludf.DUMMYFUNCTION("""COMPUTED_VALUE"""),"➖") -> ➖ | J49: =IFERROR(__xludf.DUMMYFUNCTION("""COMPUTED_VALUE"""),"➖") -> ➖ | K49: =IFERROR(__xludf.DUMMYFUNCTION("""COMPUTED_VALUE"""),"➖") -> ➖ | L49: =IFERROR(__xludf.DUMMYFUNCTION("""COMPUTED_VALUE"""),"➖") -> ➖ | M49: =IFERROR(__xludf.DUMMYFUNCTION("""COMPUTED_VALUE"""),"➖") -> ➖ | N49: =IFERROR(__xludf.DUMMYFUNCTION("""COMPUTED_VALUE"""),"➖") -> ➖ | ... Q49: =IFERROR(__xludf.DUMMYFUNCTION("""COMPUTED_VALUE"""),"➖") -> ➖ | R49: =IFERROR(__xludf.DUMMYFUNCTION("""COMPUTED_VALUE""")," ➖") -> ➖ | T49: =IFERROR(__xludf.DUMMYFUNCTION("""COMPUTED_VALUE"""),"➖") -> ➖ | U49: =IFERROR(__xludf.DUMMYFUNCTION("""COMPUTED_VALUE"""),"✅") -> ✅
D50: =IFERROR(__xludf.DUMMYFUNCTION("""COMPUTED_VALUE""")," R") -> R | E50: =IFERROR(__xludf.DUMMYFUNCTION("""COMPUTED_VALUE"""),"BAROT") -> BAROT | F50: =IFERROR(__xludf.DUMMYFUNCTION("""COMPUTED_VALUE"""),"OA") -> OA | G50: =IFERROR(__xludf.DUMMYFUNCTION("""COMPUTED_VALUE"""),"✴️") -> ✴️ | H50: =IFERROR(__xludf.DUMMYFUNCTION("""COMPUTED_VALUE"""),"➖") -> ➖ | I50: =IFERROR(__xludf.DUMMYFUNCTION("""COMPUTED_VALUE"""),"➖") -> ➖ | J50: =IFERROR(__xludf.DUMMYFUNCTION("""COMPUTED_VALUE"""),"➖") -> ➖ | K50: =IFERROR(__xludf.DUMMYFUNCTION("""COMPUTED_VALUE"""),"➖") -> ➖ | L50: =IFERROR(__xludf.DUMMYFUNCTION("""COMPUTED_VALUE"""),"➖") -> ➖ | M50: =IFERROR(__xludf.DUMMYFUNCTION("""COMPUTED_VALUE"""),"➖") -> ➖ | N50: =IFERROR(__xludf.DUMMYFUNCTION("""COMPUTED_VALUE"""),"➖") -> ➖ | O50: =IFERROR(__xludf.DUMMYFUNCTION("""COMPUTED_VALUE"""),"➖") -> ➖ | ... Q50: =IFERROR(__xludf.DUMMYFUNCTION("""COMPUTED_VALUE"""),"➖") -> ➖ | R50: =IFERROR(__xludf.DUMMYFUNCTION("""COMPUTED_VALUE""")," ➖") -> ➖ | S50: =IFERROR(__xludf.DUMMYFUNCTION("""COMPUTED_VALUE"""),"when mining") -> when mining | T50: =IFERROR(__xludf.DUMMYFUNCTION("""COMPUTED_VALUE"""),"➖") -> ➖ | U50: =IFERROR(__xludf.DUMMYFUNCTION("""COMPUTED_VALUE"""),"➖") -> ➖
D51: =IFERROR(__xludf.DUMMYFUNCTION("""COMPUTED_VALUE""")," C") -> C | E51: =IFERROR(__xludf.DUMMYFUNCTION("""COMPUTED_VALUE"""),"DOMITIA") -> DOMITIA | F51: =IFERROR(__xludf.DUMMYFUNCTION("""COMPUTED_VALUE"""),"CM") -> CM | G51: =IFERROR(__xludf.DUMMYFUNCTION("""COMPUTED_VALUE"""),"➖") -> ➖ | H51: =IFERROR(__xludf.DUMMYFUNCTION("""COMPUTED_VALUE"""),"➖") -> ➖ | I51: =IFERROR(__xludf.DUMMYFUNCTION("""COMPUTED_VALUE"""),"➖") -> ➖ | J51: =IFERROR(__xludf.DUMMYFUNCTION("""COMPUTED_VALUE"""),"➖") -> ➖ | K51: =IFERROR(__xludf.DUMMYFUNCTION("""COMPUTED_VALUE"""),"➖") -> ➖ | L51: =IFERROR(__xludf.DUMMYFUNCTION("""COMPUTED_VALUE"""),"➖") -> ➖ | M51: =IFERROR(__xludf.DUMMYFUNCTION("""COMPUTED_VALUE"""),"➖") -> ➖ | N51: =IFERROR(__xludf.DUMMYFUNCTION("""COMPUTED_VALUE"""),"➖") -> ➖ | ... Q51: =IFERROR(__xludf.DUMMYFUNCTION("""COMPUTED_VALUE"""),"➖") -> ➖ | R51: =IFERROR(__xludf.DUMMYFUNCTION("""COMPUTED_VALUE""")," ➖") -> ➖ | T51: =IFERROR(__xludf.DUMMYFUNCTION("""COMPUTED_VALUE"""),"➖") -> ➖ | U51: =IFERROR(__xludf.DUMMYFUNCTION("""COMPUTED_VALUE"""),"✅") -> ✅
D52: =IFERROR(__xludf.DUMMYFUNCTION("""COMPUTED_VALUE""")," C") -> C | E52: =IFERROR(__xludf.DUMMYFUNCTION("""COMPUTED_VALUE"""),"DOMITIA") -> DOMITIA | F52: =IFERROR(__xludf.DUMMYFUNCTION("""COMPUTED_VALUE"""),"OA") -> OA | G52: =IFERROR(__xludf.DUMMYFUNCTION("""COMPUTED_VALUE"""),"➖") -> ➖ | H52: =IFERROR(__xludf.DUMMYFUNCTION("""COMPUTED_VALUE"""),"➖") -> ➖ | I52: =IFERROR(__xludf.DUMMYFUNCTION("""COMPUTED_VALUE"""),"➖") -> ➖ | J52: =IFERROR(__xludf.DUMMYFUNCTION("""COMPUTED_VALUE"""),"➖") -> ➖ | K52: =IFERROR(__xludf.DUMMYFUNCTION("""COMPUTED_VALUE"""),"➖") -> ➖ | L52: =IFERROR(__xludf.DUMMYFUNCTION("""COMPUTED_VALUE"""),"➖") -> ➖ | M52: =IFERROR(__xludf.DUMMYFUNCTION("""COMPUTED_VALUE"""),"➖") -> ➖ | N52: =IFERROR(__xludf.DUMMYFUNCTION("""COMPUTED_VALUE"""),"➖") -> ➖ | ... Q52: =IFERROR(__xludf.DUMMYFUNCTION("""COMPUTED_VALUE"""),"➖") -> ➖ | R52: =IFERROR(__xludf.DUMMYFUNCTION("""COMPUTED_VALUE""")," ➖") -> ➖ | T52: =IFERROR(__xludf.DUMMYFUNCTION("""COMPUTED_VALUE"""),"➖") -> ➖ | U52: =IFERROR(__xludf.DUMMYFUNCTION("""COMPUTED_VALUE"""),"✅") -> ✅
D53: =IFERROR(__xludf.DUMMYFUNCTION("""COMPUTED_VALUE""")," C") -> C | E53: =IFERROR(__xludf.DUMMYFUNCTION("""COMPUTED_VALUE"""),"K'BISCH") -> K'BISCH | F53: =IFERROR(__xludf.DUMMYFUNCTION("""COMPUTED_VALUE"""),"CM") -> CM | G53: =IFERROR(__xludf.DUMMYFUNCTION("""COMPUTED_VALUE"""),"➖") -> ➖ | H53: =IFERROR(__xludf.DUMMYFUNCTION("""COMPUTED_VALUE"""),"➖") -> ➖ | I53: =IFERROR(__xludf.DUMMYFUNCTION("""COMPUTED_VALUE"""),"➖") -> ➖ | J53: =IFERROR(__xludf.DUMMYFUNCTION("""COMPUTED_VALUE"""),"➖") -> ➖ | K53: =IFERROR(__xludf.DUMMYFUNCTION("""COMPUTED_VALUE"""),"➖") -> ➖ | L53: =IFERROR(__xludf.DUMMYFUNCTION("""COMPUTED_VALUE"""),"➖") -> ➖ | M53: =IFERROR(__xludf.DUMMYFUNCTION("""COMPUTED_VALUE"""),"➖") -> ➖ | N53: =IFERROR(__xludf.DUMMYFUNCTION("""COMPUTED_VALUE"""),"➖") -> ➖ | ... Q53: =IFERROR(__xludf.DUMMYFUNCTION("""COMPUTED_VALUE"""),"➖") -> ➖ | R53: =IFERROR(__xludf.DUMMYFUNCTION("""COMPUTED_VALUE""")," ➖") -> ➖ | T53: =IFERROR(__xludf.DUMMYFUNCTION("""COMPUTED_VALUE"""),"➖") -> ➖ | U53: =IFERROR(__xludf.DUMMYFUNCTION("""COMPUTED_VALUE"""),"✅") -> ✅
D54: =IFERROR(__xludf.DUMMYFUNCTION("""COMPUTED_VALUE""")," C") -> C | E54: =IFERROR(__xludf.DUMMYFUNCTION("""COMPUTED_VALUE"""),"K'BISCH") -> K'BISCH | F54: =IFERROR(__xludf.DUMMYFUNCTION("""COMPUTED_VALUE"""),"OA") -> OA | G54: =IFERROR(__xludf.DUMMYFUNCTION("""COMPUTED_VALUE"""),"✴️") -> ✴️ | H54: =IFERROR(__xludf.DUMMYFUNCTION("""COMPUTED_VALUE"""),"➖") -> ➖ | I54: =IFERROR(__xludf.DUMMYFUNCTION("""COMPUTED_VALUE"""),"➖") -> ➖ | J54: =IFERROR(__xludf.DUMMYFUNCTION("""COMPUTED_VALUE"""),"➖") -> ➖ | K54: =IFERROR(__xludf.DUMMYFUNCTION("""COMPUTED_VALUE"""),"➖") -> ➖ | L54: =IFERROR(__xludf.DUMMYFUNCTION("""COMPUTED_VALUE"""),"➖") -> ➖ | M54: =IFERROR(__xludf.DUMMYFUNCTION("""COMPUTED_VALUE"""),"➖") -> ➖ | N54: =IFERROR(__xludf.DUMMYFUNCTION("""COMPUTED_VALUE"""),"➖") -> ➖ | O54: =IFERROR(__xludf.DUMMYFUNCTION("""COMPUTED_VALUE"""),"➖") -> ➖ | ... Q54: =IFERROR(__xludf.DUMMYFUNCTION("""COMPUTED_VALUE"""),"➖") -> ➖ | R54: =IFERROR(__xludf.DUMMYFUNCTION("""COMPUTED_VALUE""")," ➖") -> ➖ | S54: =IFERROR(__xludf.DUMMYFUNCTION("""COMPUTED_VALUE"""),"docked on a node, on a Mining Node") -> docked on a node, on a Mining Node | T54: =IFERROR(__xludf.DUMMYFUNCTION("""COMPUTED_VALUE"""),"➖") -> ➖ | U54: =IFERROR(__xludf.DUMMYFUNCTION("""COMPUTED_VALUE"""),"➖") -> ➖
D55: =IFERROR(__xludf.DUMMYFUNCTION("""COMPUTED_VALUE""")," C") -> C | E55: =IFERROR(__xludf.DUMMYFUNCTION("""COMPUTED_VALUE"""),"HELVIA") -> HELVIA | F55: =IFERROR(__xludf.DUMMYFUNCTION("""COMPUTED_VALUE"""),"CM") -> CM | G55: =IFERROR(__xludf.DUMMYFUNCTION("""COMPUTED_VALUE"""),"➖") -> ➖ | H55: =IFERROR(__xludf.DUMMYFUNCTION("""COMPUTED_VALUE"""),"➖") -> ➖ | I55: =IFERROR(__xludf.DUMMYFUNCTION("""COMPUTED_VALUE"""),"➖") -> ➖ | J55: =IFERROR(__xludf.DUMMYFUNCTION("""COMPUTED_VALUE"""),"➖") -> ➖ | K55: =IFERROR(__xludf.DUMMYFUNCTION("""COMPUTED_VALUE"""),"➖") -> ➖ | L55: =IFERROR(__xludf.DUMMYFUNCTION("""COMPUTED_VALUE"""),"➖") -> ➖ | M55: =IFERROR(__xludf.DUMMYFUNCTION("""COMPUTED_VALUE"""),"➖") -> ➖ | N55: =IFERROR(__xludf.DUMMYFUNCTION("""COMPUTED_VALUE"""),"➖") -> ➖ | ... Q55: =IFERROR(__xludf.DUMMYFUNCTION("""COMPUTED_VALUE"""),"➖") -> ➖ | R55: =IFERROR(__xludf.DUMMYFUNCTION("""COMPUTED_VALUE""")," ➖") -> ➖ | T55: =IFERROR(__xludf.DUMMYFUNCTION("""COMPUTED_VALUE"""),"➖") -> ➖ | U55: =IFERROR(__xludf.DUMMYFUNCTION("""COMPUTED_VALUE"""),"✅") -> ✅
D56: =IFERROR(__xludf.DUMMYFUNCTION("""COMPUTED_VALUE""")," C") -> C | E56: =IFERROR(__xludf.DUMMYFUNCTION("""COMPUTED_VALUE"""),"HELVIA") -> HELVIA | F56: =IFERROR(__xludf.DUMMYFUNCTION("""COMPUTED_VALUE"""),"OA") -> OA | G56: =IFERROR(__xludf.DUMMYFUNCTION("""COMPUTED_VALUE"""),"➖") -> ➖ | H56: =IFERROR(__xludf.DUMMYFUNCTION("""COMPUTED_VALUE"""),"➖") -> ➖ | I56: =IFERROR(__xludf.DUMMYFUNCTION("""COMPUTED_VALUE"""),"➖") -> ➖ | J56: =IFERROR(__xludf.DUMMYFUNCTION("""COMPUTED_VALUE"""),"➖") -> ➖ | K56: =IFERROR(__xludf.DUMMYFUNCTION("""COMPUTED_VALUE"""),"➖") -> ➖ | L56: =IFERROR(__xludf.DUMMYFUNCTION("""COMPUTED_VALUE"""),"➖") -> ➖ | M56: =IFERROR(__xludf.DUMMYFUNCTION("""COMPUTED_VALUE"""),"➖") -> ➖ | N56: =IFERROR(__xludf.DUMMYFUNCTION("""COMPUTED_VALUE"""),"➖") -> ➖ | ... Q56: =IFERROR(__xludf.DUMMYFUNCTION("""COMPUTED_VALUE"""),"➖") -> ➖ | R56: =IFERROR(__xludf.DUMMYFUNCTION("""COMPUTED_VALUE""")," ➖") -> ➖ | T56: =IFERROR(__xludf.DUMMYFUNCTION("""COMPUTED_VALUE"""),"➖") -> ➖ | U56: =IFERROR(__xludf.DUMMYFUNCTION("""COMPUTED_VALUE"""),"✅") -> ✅
D57: =IFERROR(__xludf.DUMMYFUNCTION("""COMPUTED_VALUE""")," U") -> U | E57: =IFERROR(__xludf.DUMMYFUNCTION("""COMPUTED_VALUE"""),"GONZALES") -> GONZALES | F57: =IFERROR(__xludf.DUMMYFUNCTION("""COMPUTED_VALUE"""),"CM") -> CM | G57: =IFERROR(__xludf.DUMMYFUNCTION("""COMPUTED_VALUE"""),"➖") -> ➖ | H57: =IFERROR(__xludf.DUMMYFUNCTION("""COMPUTED_VALUE"""),"➖") -> ➖ | I57: =IFERROR(__xludf.DUMMYFUNCTION("""COMPUTED_VALUE"""),"✅") -> ✅ | J57: =IFERROR(__xludf.DUMMYFUNCTION("""COMPUTED_VALUE"""),"✅") -> ✅ | K57: =IFERROR(__xludf.DUMMYFUNCTION("""COMPUTED_VALUE"""),"✅") -> ✅ | L57: =IFERROR(__xludf.DUMMYFUNCTION("""COMPUTED_VALUE"""),"➖") -> ➖ | M57: =IFERROR(__xludf.DUMMYFUNCTION("""COMPUTED_VALUE"""),"✅") -> ✅ | N57: =IFERROR(__xludf.DUMMYFUNCTION("""COMPUTED_VALUE"""),"✅") -> ✅ | O57: =IFERROR(__xludf.DUMMYFUNCTION("""COMPUTED_VALUE"""),"✅") -> ✅ | P57: =IFERROR(__xludf.DUMMYFUNCTION("""COMPUTED_VALUE"""),"➖") -> ➖ | Q57: =IFERROR(__xludf.DUMMYFUNCTION("""COMPUTED_VALUE"""),"➖") -> ➖ | R57: =IFERROR(__xludf.DUMMYFUNCTION("""COMPUTED_VALUE""")," ➖") -> ➖ | T57: =IFERROR(__xludf.DUMMYFUNCTION("""COMPUTED_VALUE"""),"➖") -> ➖ | U57: =IFERROR(__xludf.DUMMYFUNCTION("""COMPUTED_VALUE"""),"➖") -> ➖
D58: =IFERROR(__xludf.DUMMYFUNCTION("""COMPUTED_VALUE""")," U") -> U | E58: =IFERROR(__xludf.DUMMYFUNCTION("""COMPUTED_VALUE"""),"GONZALES") -> GONZALES | F58: =IFERROR(__xludf.DUMMYFUNCTION("""COMPUTED_VALUE"""),"OA") -> OA | G58: =IFERROR(__xludf.DUMMYFUNCTION("""COMPUTED_VALUE"""),"➖") -> ➖ | H58: =IFERROR(__xludf.DUMMYFUNCTION("""COMPUTED_VALUE"""),"➖") -> ➖ | I58: =IFERROR(__xludf.DUMMYFUNCTION("""COMPUTED_VALUE"""),"✅") -> ✅ | J58: =IFERROR(__xludf.DUMMYFUNCTION("""COMPUTED_VALUE"""),"✅") -> ✅ | K58: =IFERROR(__xludf.DUMMYFUNCTION("""COMPUTED_VALUE"""),"✅") -> ✅ | L58: =IFERROR(__xludf.DUMMYFUNCTION("""COMPUTED_VALUE"""),"➖") -> ➖ | M58: =IFERROR(__xludf.DUMMYFUNCTION("""COMPUTED_VALUE"""),"✅") -> ✅ | N58: =IFERROR(__xludf.DUMMYFUNCTION("""COMPUTED_VALUE"""),"✅") -> ✅ | O58: =IFERROR(__xludf.DUMMYFUNCTION("""COMPUTED_VALUE"""),"✅") -> ✅ | P58: =IFERROR(__xludf.DUMMYFUNCTION("""COMPUTED_VALUE"""),"➖") -> ➖ | Q58: =IFERROR(__xludf.DUMMYFUNCTION("""COMPUTED_VALUE"""),"➖") -> ➖ | R58: =IFERROR(__xludf.DUMMYFUNCTION("""COMPUTED_VALUE""")," ➖") -> ➖ | T58: =IFERROR(__xludf.DUMMYFUNCTION("""COMPUTED_VALUE"""),"➖") -> ➖ | U58: =IFERROR(__xludf.DUMMYFUNCTION("""COMPUTED_VALUE"""),"➖") -> ➖
D59: =IFERROR(__xludf.DUMMYFUNCTION("""COMPUTED_VALUE""")," U") -> U | E59: =IFERROR(__xludf.DUMMYFUNCTION("""COMPUTED_VALUE"""),"CHEN") -> CHEN | F59: =IFERROR(__xludf.DUMMYFUNCTION("""COMPUTED_VALUE"""),"CM") -> CM | G59: =IFERROR(__xludf.DUMMYFUNCTION("""COMPUTED_VALUE"""),"➖") -> ➖ | H59: =IFERROR(__xludf.DUMMYFUNCTION("""COMPUTED_VALUE"""),"➖") -> ➖ | I59: =IFERROR(__xludf.DUMMYFUNCTION("""COMPUTED_VALUE"""),"✴️") -> ✴️ | J59: =IFERROR(__xludf.DUMMYFUNCTION("""COMPUTED_VALUE"""),"✴️") -> ✴️ | K59: =IFERROR(__xludf.DUMMYFUNCTION("""COMPUTED_VALUE"""),"✴️") -> ✴️ | L59: =IFERROR(__xludf.DUMMYFUNCTION("""COMPUTED_VALUE"""),"➖") -> ➖ | M59: =IFERROR(__xludf.DUMMYFUNCTION("""COMPUTED_VALUE"""),"✴️") -> ✴️ | N59: =IFERROR(__xludf.DUMMYFUNCTION("""COMPUTED_VALUE"""),"✴️") -> ✴️ | O59: =IFERROR(__xludf.DUMMYFUNCTION("""COMPUTED_VALUE"""),"✴️") -> ✴️ | P59: =IFERROR(__xludf.DUMMYFUNCTION("""COMPUTED_VALUE"""),"➖") -> ➖ | Q59: =IFERROR(__xludf.DUMMYFUNCTION("""COMPUTED_VALUE"""),"➖") -> ➖ | R59: =IFERROR(__xludf.DUMMYFUNCTION("""COMPUTED_VALUE""")," ➖") -> ➖ | S59: =IFERROR(__xludf.DUMMYFUNCTION("""COMPUTED_VALUE"""),"target level 51 or under") -> target level 51 or under | T59: =IFERROR(__xludf.DUMMYFUNCTION("""COMPUTED_VALUE"""),"➖") -> ➖ | U59: =IFERROR(__xludf.DUMMYFUNCTION("""COMPUTED_VALUE"""),"➖") -> ➖
D60: =IFERROR(__xludf.DUMMYFUNCTION("""COMPUTED_VALUE""")," U") -> U | E60: =IFERROR(__xludf.DUMMYFUNCTION("""COMPUTED_VALUE"""),"CHEN") -> CHEN | F60: =IFERROR(__xludf.DUMMYFUNCTION("""COMPUTED_VALUE"""),"OA") -> OA | G60: =IFERROR(__xludf.DUMMYFUNCTION("""COMPUTED_VALUE"""),"➖") -> ➖ | H60: =IFERROR(__xludf.DUMMYFUNCTION("""COMPUTED_VALUE"""),"➖") -> ➖ | I60: =IFERROR(__xludf.DUMMYFUNCTION("""COMPUTED_VALUE"""),"✴️") -> ✴️ | J60: =IFERROR(__xludf.DUMMYFUNCTION("""COMPUTED_VALUE"""),"✴️") -> ✴️ | K60: =IFERROR(__xludf.DUMMYFUNCTION("""COMPUTED_VALUE"""),"✴️") -> ✴️ | L60: =IFERROR(__xludf.DUMMYFUNCTION("""COMPUTED_VALUE"""),"➖") -> ➖ | M60: =IFERROR(__xludf.DUMMYFUNCTION("""COMPUTED_VALUE"""),"➖") -> ➖ | N60: =IFERROR(__xludf.DUMMYFUNCTION("""COMPUTED_VALUE"""),"➖") -> ➖ | O60: =IFERROR(__xludf.DUMMYFUNCTION("""COMPUTED_VALUE"""),"➖") -> ➖ | P60: =IFERROR(__xludf.DUMMYFUNCTION("""COMPUTED_VALUE"""),"➖") -> ➖ | Q60: =IFERROR(__xludf.DUMMYFUNCTION("""COMPUTED_VALUE"""),"➖") -> ➖ | R60: =IFERROR(__xludf.DUMMYFUNCTION("""COMPUTED_VALUE""")," ➖") -> ➖ | S60: =IFERROR(__xludf.DUMMYFUNCTION("""COMPUTED_VALUE"""),"TargetMaxLevel, ModuleEnergy") -> TargetMaxLevel, ModuleEnergy | T60: =IFERROR(__xludf.DUMMYFUNCTION("""COMPUTED_VALUE"""),"➖") -> ➖ | U60: =IFERROR(__xludf.DUMMYFUNCTION("""COMPUTED_VALUE"""),"➖") -> ➖
D61: =IFERROR(__xludf.DUMMYFUNCTION("""COMPUTED_VALUE""")," C") -> C | E61: =IFERROR(__xludf.DUMMYFUNCTION("""COMPUTED_VALUE"""),"GAILA") -> GAILA | F61: =IFERROR(__xludf.DUMMYFUNCTION("""COMPUTED_VALUE"""),"CM") -> CM | G61: =IFERROR(__xludf.DUMMYFUNCTION("""COMPUTED_VALUE"""),"✅") -> ✅ | H61: =IFERROR(__xludf.DUMMYFUNCTION("""COMPUTED_VALUE"""),"✅") -> ✅ | I61: =IFERROR(__xludf.DUMMYFUNCTION("""COMPUTED_VALUE"""),"✅") -> ✅ | J61: =IFERROR(__xludf.DUMMYFUNCTION("""COMPUTED_VALUE"""),"✅") -> ✅ | K61: =IFERROR(__xludf.DUMMYFUNCTION("""COMPUTED_VALUE"""),"✅") -> ✅ | L61: =IFERROR(__xludf.DUMMYFUNCTION("""COMPUTED_VALUE"""),"✅") -> ✅ | M61: =IFERROR(__xludf.DUMMYFUNCTION("""COMPUTED_VALUE"""),"✅") -> ✅ | N61: =IFERROR(__xludf.DUMMYFUNCTION("""COMPUTED_VALUE"""),"✅") -> ✅ | ... Q61: =IFERROR(__xludf.DUMMYFUNCTION("""COMPUTED_VALUE"""),"✅") -> ✅ | R61: =IFERROR(__xludf.DUMMYFUNCTION("""COMPUTED_VALUE""")," ✅") -> ✅ | T61: =IFERROR(__xludf.DUMMYFUNCTION("""COMPUTED_VALUE"""),"➖") -> ➖ | U61: =IFERROR(__xludf.DUMMYFUNCTION("""COMPUTED_VALUE"""),"➖") -> ➖
D62: =IFERROR(__xludf.DUMMYFUNCTION("""COMPUTED_VALUE""")," C") -> C | E62: =IFERROR(__xludf.DUMMYFUNCTION("""COMPUTED_VALUE"""),"GAILA") -> GAILA | F62: =IFERROR(__xludf.DUMMYFUNCTION("""COMPUTED_VALUE"""),"OA") -> OA | G62: =IFERROR(__xludf.DUMMYFUNCTION("""COMPUTED_VALUE"""),"➖") -> ➖ | H62: =IFERROR(__xludf.DUMMYFUNCTION("""COMPUTED_VALUE"""),"➖") -> ➖ | I62: =IFERROR(__xludf.DUMMYFUNCTION("""COMPUTED_VALUE"""),"✴️") -> ✴️ | J62: =IFERROR(__xludf.DUMMYFUNCTION("""COMPUTED_VALUE"""),"✴️") -> ✴️ | K62: =IFERROR(__xludf.DUMMYFUNCTION("""COMPUTED_VALUE"""),"✴️") -> ✴️ | L62: =IFERROR(__xludf.DUMMYFUNCTION("""COMPUTED_VALUE"""),"➖") -> ➖ | M62: =IFERROR(__xludf.DUMMYFUNCTION("""COMPUTED_VALUE"""),"✴️") -> ✴️ | N62: =IFERROR(__xludf.DUMMYFUNCTION("""COMPUTED_VALUE"""),"✴️") -> ✴️ | O62: =IFERROR(__xludf.DUMMYFUNCTION("""COMPUTED_VALUE"""),"✴️") -> ✴️ | P62: =IFERROR(__xludf.DUMMYFUNCTION("""COMPUTED_VALUE"""),"➖") -> ➖ | Q62: =IFERROR(__xludf.DUMMYFUNCTION("""COMPUTED_VALUE"""),"➖") -> ➖ | R62: =IFERROR(__xludf.DUMMYFUNCTION("""COMPUTED_VALUE""")," ➖") -> ➖ | S62: =IFERROR(__xludf.DUMMYFUNCTION("""COMPUTED_VALUE"""),"target level 70 or under") -> target level 70 or under | T62: =IFERROR(__xludf.DUMMYFUNCTION("""COMPUTED_VALUE"""),"➖") -> ➖ | U62: =IFERROR(__xludf.DUMMYFUNCTION("""COMPUTED_VALUE"""),"➖") -> ➖
D63: =IFERROR(__xludf.DUMMYFUNCTION("""COMPUTED_VALUE""")," C") -> C | E63: =IFERROR(__xludf.DUMMYFUNCTION("""COMPUTED_VALUE"""),"SHEV") -> SHEV | F63: =IFERROR(__xludf.DUMMYFUNCTION("""COMPUTED_VALUE"""),"CM") -> CM | G63: =IFERROR(__xludf.DUMMYFUNCTION("""COMPUTED_VALUE"""),"✅") -> ✅ | H63: =IFERROR(__xludf.DUMMYFUNCTION("""COMPUTED_VALUE"""),"✅") -> ✅ | I63: =IFERROR(__xludf.DUMMYFUNCTION("""COMPUTED_VALUE"""),"✅") -> ✅ | J63: =IFERROR(__xludf.DUMMYFUNCTION("""COMPUTED_VALUE"""),"✅") -> ✅ | K63: =IFERROR(__xludf.DUMMYFUNCTION("""COMPUTED_VALUE"""),"✅") -> ✅ | L63: =IFERROR(__xludf.DUMMYFUNCTION("""COMPUTED_VALUE"""),"✅") -> ✅ | M63: =IFERROR(__xludf.DUMMYFUNCTION("""COMPUTED_VALUE"""),"✅") -> ✅ | N63: =IFERROR(__xludf.DUMMYFUNCTION("""COMPUTED_VALUE"""),"✅") -> ✅ | ... Q63: =IFERROR(__xludf.DUMMYFUNCTION("""COMPUTED_VALUE"""),"✅") -> ✅ | R63: =IFERROR(__xludf.DUMMYFUNCTION("""COMPUTED_VALUE""")," ✅") -> ✅ | T63: =IFERROR(__xludf.DUMMYFUNCTION("""COMPUTED_VALUE"""),"➖") -> ➖ | U63: =IFERROR(__xludf.DUMMYFUNCTION("""COMPUTED_VALUE"""),"➖") -> ➖
D64: =IFERROR(__xludf.DUMMYFUNCTION("""COMPUTED_VALUE""")," C") -> C | E64: =IFERROR(__xludf.DUMMYFUNCTION("""COMPUTED_VALUE"""),"SHEV") -> SHEV | F64: =IFERROR(__xludf.DUMMYFUNCTION("""COMPUTED_VALUE"""),"OA") -> OA | G64: =IFERROR(__xludf.DUMMYFUNCTION("""COMPUTED_VALUE"""),"➖") -> ➖ | H64: =IFERROR(__xludf.DUMMYFUNCTION("""COMPUTED_VALUE"""),"➖") -> ➖ | I64: =IFERROR(__xludf.DUMMYFUNCTION("""COMPUTED_VALUE"""),"✴️") -> ✴️ | J64: =IFERROR(__xludf.DUMMYFUNCTION("""COMPUTED_VALUE"""),"✴️") -> ✴️ | K64: =IFERROR(__xludf.DUMMYFUNCTION("""COMPUTED_VALUE"""),"✴️") -> ✴️ | L64: =IFERROR(__xludf.DUMMYFUNCTION("""COMPUTED_VALUE"""),"➖") -> ➖ | M64: =IFERROR(__xludf.DUMMYFUNCTION("""COMPUTED_VALUE"""),"✴️") -> ✴️ | N64: =IFERROR(__xludf.DUMMYFUNCTION("""COMPUTED_VALUE"""),"✴️") -> ✴️ | O64: =IFERROR(__xludf.DUMMYFUNCTION("""COMPUTED_VALUE"""),"✴️") -> ✴️ | P64: =IFERROR(__xludf.DUMMYFUNCTION("""COMPUTED_VALUE"""),"➖") -> ➖ | Q64: =IFERROR(__xludf.DUMMYFUNCTION("""COMPUTED_VALUE"""),"➖") -> ➖ | R64: =IFERROR(__xludf.DUMMYFUNCTION("""COMPUTED_VALUE""")," ➖") -> ➖ | S64: =IFERROR(__xludf.DUMMYFUNCTION("""COMPUTED_VALUE"""),"ModuleEnergy") -> ModuleEnergy | T64: =IFERROR(__xludf.DUMMYFUNCTION("""COMPUTED_VALUE"""),"➖") -> ➖ | U64: =IFERROR(__xludf.DUMMYFUNCTION("""COMPUTED_VALUE"""),"➖") -> ➖
D65: =IFERROR(__xludf.DUMMYFUNCTION("""COMPUTED_VALUE""")," C") -> C | E65: =IFERROR(__xludf.DUMMYFUNCTION("""COMPUTED_VALUE"""),"T'LAAN") -> T'LAAN | F65: =IFERROR(__xludf.DUMMYFUNCTION("""COMPUTED_VALUE"""),"CM") -> CM | G65: =IFERROR(__xludf.DUMMYFUNCTION("""COMPUTED_VALUE"""),"➖") -> ➖ | H65: =IFERROR(__xludf.DUMMYFUNCTION("""COMPUTED_VALUE"""),"➖") -> ➖ | I65: =IFERROR(__xludf.DUMMYFUNCTION("""COMPUTED_VALUE"""),"➖") -> ➖ | J65: =IFERROR(__xludf.DUMMYFUNCTION("""COMPUTED_VALUE"""),"➖") -> ➖ | K65: =IFERROR(__xludf.DUMMYFUNCTION("""COMPUTED_VALUE"""),"➖") -> ➖ | L65: =IFERROR(__xludf.DUMMYFUNCTION("""COMPUTED_VALUE"""),"➖") -> ➖ | M65: =IFERROR(__xludf.DUMMYFUNCTION("""COMPUTED_VALUE"""),"➖") -> ➖ | N65: =IFERROR(__xludf.DUMMYFUNCTION("""COMPUTED_VALUE"""),"➖") -> ➖ | ... Q65: =IFERROR(__xludf.DUMMYFUNCTION("""COMPUTED_VALUE"""),"➖") -> ➖ | R65: =IFERROR(__xludf.DUMMYFUNCTION("""COMPUTED_VALUE""")," ➖") -> ➖ | T65: =IFERROR(__xludf.DUMMYFUNCTION("""COMPUTED_VALUE"""),"➖") -> ➖ | U65: =IFERROR(__xludf.DUMMYFUNCTION("""COMPUTED_VALUE"""),"✅") -> ✅
D66: =IFERROR(__xludf.DUMMYFUNCTION("""COMPUTED_VALUE""")," C") -> C | E66: =IFERROR(__xludf.DUMMYFUNCTION("""COMPUTED_VALUE"""),"T'LAAN") -> T'LAAN | F66: =IFERROR(__xludf.DUMMYFUNCTION("""COMPUTED_VALUE"""),"OA") -> OA | G66: =IFERROR(__xludf.DUMMYFUNCTION("""COMPUTED_VALUE"""),"➖") -> ➖ | H66: =IFERROR(__xludf.DUMMYFUNCTION("""COMPUTED_VALUE"""),"➖") -> ➖ | I66: =IFERROR(__xludf.DUMMYFUNCTION("""COMPUTED_VALUE"""),"✴️") -> ✴️ | J66: =IFERROR(__xludf.DUMMYFUNCTION("""COMPUTED_VALUE"""),"✴️") -> ✴️ | K66: =IFERROR(__xludf.DUMMYFUNCTION("""COMPUTED_VALUE"""),"✴️") -> ✴️ | L66: =IFERROR(__xludf.DUMMYFUNCTION("""COMPUTED_VALUE"""),"➖") -> ➖ | M66: =IFERROR(__xludf.DUMMYFUNCTION("""COMPUTED_VALUE"""),"➖") -> ➖ | N66: =IFERROR(__xludf.DUMMYFUNCTION("""COMPUTED_VALUE"""),"➖") -> ➖ | O66: =IFERROR(__xludf.DUMMYFUNCTION("""COMPUTED_VALUE"""),"➖") -> ➖ | P66: =IFERROR(__xludf.DUMMYFUNCTION("""COMPUTED_VALUE"""),"➖") -> ➖ | Q66: =IFERROR(__xludf.DUMMYFUNCTION("""COMPUTED_VALUE"""),"➖") -> ➖ | R66: =IFERROR(__xludf.DUMMYFUNCTION("""COMPUTED_VALUE""")," ➖") -> ➖ | S66: =IFERROR(__xludf.DUMMYFUNCTION("""COMPUTED_VALUE"""),"TargetMaxLevel, ModuleKinetic") -> TargetMaxLevel, ModuleKinetic | T66: =IFERROR(__xludf.DUMMYFUNCTION("""COMPUTED_VALUE"""),"➖") -> ➖ | U66: =IFERROR(__xludf.DUMMYFUNCTION("""COMPUTED_VALUE"""),"➖") -> ➖
D67: =IFERROR(__xludf.DUMMYFUNCTION("""COMPUTED_VALUE""")," C") -> C | E67: =IFERROR(__xludf.DUMMYFUNCTION("""COMPUTED_VALUE"""),"VEL") -> VEL | F67: =IFERROR(__xludf.DUMMYFUNCTION("""COMPUTED_VALUE"""),"CM") -> CM | G67: =IFERROR(__xludf.DUMMYFUNCTION("""COMPUTED_VALUE"""),"✅") -> ✅ | H67: =IFERROR(__xludf.DUMMYFUNCTION("""COMPUTED_VALUE"""),"✅") -> ✅ | I67: =IFERROR(__xludf.DUMMYFUNCTION("""COMPUTED_VALUE"""),"✅") -> ✅ | J67: =IFERROR(__xludf.DUMMYFUNCTION("""COMPUTED_VALUE"""),"✅") -> ✅ | K67: =IFERROR(__xludf.DUMMYFUNCTION("""COMPUTED_VALUE"""),"✅") -> ✅ | L67: =IFERROR(__xludf.DUMMYFUNCTION("""COMPUTED_VALUE"""),"✅") -> ✅ | M67: =IFERROR(__xludf.DUMMYFUNCTION("""COMPUTED_VALUE"""),"✅") -> ✅ | N67: =IFERROR(__xludf.DUMMYFUNCTION("""COMPUTED_VALUE"""),"✅") -> ✅ | ... Q67: =IFERROR(__xludf.DUMMYFUNCTION("""COMPUTED_VALUE"""),"✅") -> ✅ | R67: =IFERROR(__xludf.DUMMYFUNCTION("""COMPUTED_VALUE""")," ✅") -> ✅ | T67: =IFERROR(__xludf.DUMMYFUNCTION("""COMPUTED_VALUE"""),"➖") -> ➖ | U67: =IFERROR(__xludf.DUMMYFUNCTION("""COMPUTED_VALUE"""),"➖") -> ➖
D68: =IFERROR(__xludf.DUMMYFUNCTION("""COMPUTED_VALUE""")," C") -> C | E68: =IFERROR(__xludf.DUMMYFUNCTION("""COMPUTED_VALUE"""),"VEL") -> VEL | F68: =IFERROR(__xludf.DUMMYFUNCTION("""COMPUTED_VALUE"""),"OA") -> OA | G68: =IFERROR(__xludf.DUMMYFUNCTION("""COMPUTED_VALUE"""),"➖") -> ➖ | H68: =IFERROR(__xludf.DUMMYFUNCTION("""COMPUTED_VALUE"""),"➖") -> ➖ | I68: =IFERROR(__xludf.DUMMYFUNCTION("""COMPUTED_VALUE"""),"✴️") -> ✴️ | J68: =IFERROR(__xludf.DUMMYFUNCTION("""COMPUTED_VALUE"""),"✴️") -> ✴️ | K68: =IFERROR(__xludf.DUMMYFUNCTION("""COMPUTED_VALUE"""),"✴️") -> ✴️ | L68: =IFERROR(__xludf.DUMMYFUNCTION("""COMPUTED_VALUE"""),"➖") -> ➖ | M68: =IFERROR(__xludf.DUMMYFUNCTION("""COMPUTED_VALUE"""),"✴️") -> ✴️ | N68: =IFERROR(__xludf.DUMMYFUNCTION("""COMPUTED_VALUE"""),"✴️") -> ✴️ | O68: =IFERROR(__xludf.DUMMYFUNCTION("""COMPUTED_VALUE"""),"✴️") -> ✴️ | P68: =IFERROR(__xludf.DUMMYFUNCTION("""COMPUTED_VALUE"""),"➖") -> ➖ | Q68: =IFERROR(__xludf.DUMMYFUNCTION("""COMPUTED_VALUE"""),"➖") -> ➖ | R68: =IFERROR(__xludf.DUMMYFUNCTION("""COMPUTED_VALUE""")," ➖") -> ➖ | S68: =IFERROR(__xludf.DUMMYFUNCTION("""COMPUTED_VALUE"""),"ModuleKinetic") -> ModuleKinetic | T68: =IFERROR(__xludf.DUMMYFUNCTION("""COMPUTED_VALUE"""),"➖") -> ➖ | U68: =IFERROR(__xludf.DUMMYFUNCTION("""COMPUTED_VALUE"""),"➖") -> ➖
D69: =IFERROR(__xludf.DUMMYFUNCTION("""COMPUTED_VALUE""")," C") -> C | E69: =IFERROR(__xludf.DUMMYFUNCTION("""COMPUTED_VALUE"""),"M'BENGA") -> M'BENGA | F69: =IFERROR(__xludf.DUMMYFUNCTION("""COMPUTED_VALUE"""),"CM") -> CM | G69: =IFERROR(__xludf.DUMMYFUNCTION("""COMPUTED_VALUE"""),"➖") -> ➖ | H69: =IFERROR(__xludf.DUMMYFUNCTION("""COMPUTED_VALUE"""),"✅") -> ✅ | I69: =IFERROR(__xludf.DUMMYFUNCTION("""COMPUTED_VALUE"""),"➖") -> ➖ | J69: =IFERROR(__xludf.DUMMYFUNCTION("""COMPUTED_VALUE"""),"➖") -> ➖ | K69: =IFERROR(__xludf.DUMMYFUNCTION("""COMPUTED_VALUE"""),"➖") -> ➖ | L69: =IFERROR(__xludf.DUMMYFUNCTION("""COMPUTED_VALUE"""),"➖") -> ➖ | M69: =IFERROR(__xludf.DUMMYFUNCTION("""COMPUTED_VALUE"""),"➖") -> ➖ | N69: =IFERROR(__xludf.DUMMYFUNCTION("""COMPUTED_VALUE"""),"➖") -> ➖ | O69: =IFERROR(__xludf.DUMMYFUNCTION("""COMPUTED_VALUE"""),"➖") -> ➖ | P69: =IFERROR(__xludf.DUMMYFUNCTION("""COMPUTED_VALUE"""),"➖") -> ➖ | Q69: =IFERROR(__xludf.DUMMYFUNCTION("""COMPUTED_VALUE"""),"➖") -> ➖ | R69: =IFERROR(__xludf.DUMMYFUNCTION("""COMPUTED_VALUE""")," ➖") -> ➖ | T69: =IFERROR(__xludf.DUMMYFUNCTION("""COMPUTED_VALUE"""),"➖") -> ➖ | U69: =IFERROR(__xludf.DUMMYFUNCTION("""COMPUTED_VALUE"""),"➖") -> ➖
D70: =IFERROR(__xludf.DUMMYFUNCTION("""COMPUTED_VALUE""")," C") -> C | E70: =IFERROR(__xludf.DUMMYFUNCTION("""COMPUTED_VALUE"""),"M'BENGA") -> M'BENGA | F70: =IFERROR(__xludf.DUMMYFUNCTION("""COMPUTED_VALUE"""),"OA") -> OA | G70: =IFERROR(__xludf.DUMMYFUNCTION("""COMPUTED_VALUE"""),"➖") -> ➖ | H70: =IFERROR(__xludf.DUMMYFUNCTION("""COMPUTED_VALUE"""),"✅") -> ✅ | I70: =IFERROR(__xludf.DUMMYFUNCTION("""COMPUTED_VALUE"""),"➖") -> ➖ | J70: =IFERROR(__xludf.DUMMYFUNCTION("""COMPUTED_VALUE"""),"➖") -> ➖ | K70: =IFERROR(__xludf.DUMMYFUNCTION("""COMPUTED_VALUE"""),"➖") -> ➖ | L70: =IFERROR(__xludf.DUMMYFUNCTION("""COMPUTED_VALUE"""),"➖") -> ➖ | M70: =IFERROR(__xludf.DUMMYFUNCTION("""COMPUTED_VALUE"""),"➖") -> ➖ | N70: =IFERROR(__xludf.DUMMYFUNCTION("""COMPUTED_VALUE"""),"➖") -> ➖ | O70: =IFERROR(__xludf.DUMMYFUNCTION("""COMPUTED_VALUE"""),"➖") -> ➖ | P70: =IFERROR(__xludf.DUMMYFUNCTION("""COMPUTED_VALUE"""),"➖") -> ➖ | Q70: =IFERROR(__xludf.DUMMYFUNCTION("""COMPUTED_VALUE"""),"➖") -> ➖ | R70: =IFERROR(__xludf.DUMMYFUNCTION("""COMPUTED_VALUE""")," ➖") -> ➖ | T70: =IFERROR(__xludf.DUMMYFUNCTION("""COMPUTED_VALUE"""),"➖") -> ➖ | U70: =IFERROR(__xludf.DUMMYFUNCTION("""COMPUTED_VALUE"""),"➖") -> ➖
D71: =IFERROR(__xludf.DUMMYFUNCTION("""COMPUTED_VALUE""")," R") -> R | E71: =IFERROR(__xludf.DUMMYFUNCTION("""COMPUTED_VALUE"""),"KURON") -> KURON | F71: =IFERROR(__xludf.DUMMYFUNCTION("""COMPUTED_VALUE"""),"CM") -> CM | G71: =IFERROR(__xludf.DUMMYFUNCTION("""COMPUTED_VALUE"""),"✴️") -> ✴️ | H71: =IFERROR(__xludf.DUMMYFUNCTION("""COMPUTED_VALUE"""),"✴️") -> ✴️ | I71: =IFERROR(__xludf.DUMMYFUNCTION("""COMPUTED_VALUE"""),"✴️") -> ✴️ | J71: =IFERROR(__xludf.DUMMYFUNCTION("""COMPUTED_VALUE"""),"✴️") -> ✴️ | K71: =IFERROR(__xludf.DUMMYFUNCTION("""COMPUTED_VALUE"""),"✴️") -> ✴️ | L71: =IFERROR(__xludf.DUMMYFUNCTION("""COMPUTED_VALUE"""),"✴️") -> ✴️ | M71: =IFERROR(__xludf.DUMMYFUNCTION("""COMPUTED_VALUE"""),"✴️") -> ✴️ | N71: =IFERROR(__xludf.DUMMYFUNCTION("""COMPUTED_VALUE"""),"✴️") -> ✴️ | ... Q71: =IFERROR(__xludf.DUMMYFUNCTION("""COMPUTED_VALUE"""),"✴️") -> ✴️ | R71: =IFERROR(__xludf.DUMMYFUNCTION("""COMPUTED_VALUE""")," ✴️") -> ✴️ | S71: =IFERROR(__xludf.DUMMYFUNCTION("""COMPUTED_VALUE"""),"ModuleKinetic") -> ModuleKinetic | T71: =IFERROR(__xludf.DUMMYFUNCTION("""COMPUTED_VALUE"""),"➖") -> ➖ | U71: =IFERROR(__xludf.DUMMYFUNCTION("""COMPUTED_VALUE"""),"➖") -> ➖
D72: =IFERROR(__xludf.DUMMYFUNCTION("""COMPUTED_VALUE""")," R") -> R | E72: =IFERROR(__xludf.DUMMYFUNCTION("""COMPUTED_VALUE"""),"KURON") -> KURON | F72: =IFERROR(__xludf.DUMMYFUNCTION("""COMPUTED_VALUE"""),"OA") -> OA | G72: =IFERROR(__xludf.DUMMYFUNCTION("""COMPUTED_VALUE"""),"➖") -> ➖ | H72: =IFERROR(__xludf.DUMMYFUNCTION("""COMPUTED_VALUE"""),"➖") -> ➖ | I72: =IFERROR(__xludf.DUMMYFUNCTION("""COMPUTED_VALUE"""),"➖") -> ➖ | J72: =IFERROR(__xludf.DUMMYFUNCTION("""COMPUTED_VALUE"""),"➖") -> ➖ | K72: =IFERROR(__xludf.DUMMYFUNCTION("""COMPUTED_VALUE"""),"➖") -> ➖ | L72: =IFERROR(__xludf.DUMMYFUNCTION("""COMPUTED_VALUE"""),"➖") -> ➖ | M72: =IFERROR(__xludf.DUMMYFUNCTION("""COMPUTED_VALUE"""),"➖") -> ➖ | N72: =IFERROR(__xludf.DUMMYFUNCTION("""COMPUTED_VALUE"""),"➖") -> ➖ | ... Q72: =IFERROR(__xludf.DUMMYFUNCTION("""COMPUTED_VALUE"""),"➖") -> ➖ | R72: =IFERROR(__xludf.DUMMYFUNCTION("""COMPUTED_VALUE""")," ➖") -> ➖ | T72: =IFERROR(__xludf.DUMMYFUNCTION("""COMPUTED_VALUE"""),"➖") -> ➖ | U72: =IFERROR(__xludf.DUMMYFUNCTION("""COMPUTED_VALUE"""),"✅") -> ✅
D73: =IFERROR(__xludf.DUMMYFUNCTION("""COMPUTED_VALUE""")," U") -> U | E73: =IFERROR(__xludf.DUMMYFUNCTION("""COMPUTED_VALUE"""),"YAN'AGH") -> YAN'AGH | F73: =IFERROR(__xludf.DUMMYFUNCTION("""COMPUTED_VALUE"""),"CM") -> CM | G73: =IFERROR(__xludf.DUMMYFUNCTION("""COMPUTED_VALUE"""),"✅") -> ✅ | H73: =IFERROR(__xludf.DUMMYFUNCTION("""COMPUTED_VALUE"""),"✅") -> ✅ | I73: =IFERROR(__xludf.DUMMYFUNCTION("""COMPUTED_VALUE"""),"✅") -> ✅ | J73: =IFERROR(__xludf.DUMMYFUNCTION("""COMPUTED_VALUE"""),"✅") -> ✅ | K73: =IFERROR(__xludf.DUMMYFUNCTION("""COMPUTED_VALUE"""),"✅") -> ✅ | L73: =IFERROR(__xludf.DUMMYFUNCTION("""COMPUTED_VALUE"""),"✅") -> ✅ | M73: =IFERROR(__xludf.DUMMYFUNCTION("""COMPUTED_VALUE"""),"✅") -> ✅ | N73: =IFERROR(__xludf.DUMMYFUNCTION("""COMPUTED_VALUE"""),"✅") -> ✅ | ... Q73: =IFERROR(__xludf.DUMMYFUNCTION("""COMPUTED_VALUE"""),"✅") -> ✅ | R73: =IFERROR(__xludf.DUMMYFUNCTION("""COMPUTED_VALUE""")," ✅") -> ✅ | T73: =IFERROR(__xludf.DUMMYFUNCTION("""COMPUTED_VALUE"""),"➖") -> ➖ | U73: =IFERROR(__xludf.DUMMYFUNCTION("""COMPUTED_VALUE"""),"➖") -> ➖
D74: =IFERROR(__xludf.DUMMYFUNCTION("""COMPUTED_VALUE""")," U") -> U | E74: =IFERROR(__xludf.DUMMYFUNCTION("""COMPUTED_VALUE"""),"YAN'AGH") -> YAN'AGH | F74: =IFERROR(__xludf.DUMMYFUNCTION("""COMPUTED_VALUE"""),"OA") -> OA | G74: =IFERROR(__xludf.DUMMYFUNCTION("""COMPUTED_VALUE"""),"✴️") -> ✴️ | H74: =IFERROR(__xludf.DUMMYFUNCTION("""COMPUTED_VALUE"""),"✴️") -> ✴️ | I74: =IFERROR(__xludf.DUMMYFUNCTION("""COMPUTED_VALUE"""),"✴️") -> ✴️ | J74: =IFERROR(__xludf.DUMMYFUNCTION("""COMPUTED_VALUE"""),"✴️") -> ✴️ | K74: =IFERROR(__xludf.DUMMYFUNCTION("""COMPUTED_VALUE"""),"✴️") -> ✴️ | L74: =IFERROR(__xludf.DUMMYFUNCTION("""COMPUTED_VALUE"""),"✴️") -> ✴️ | M74: =IFERROR(__xludf.DUMMYFUNCTION("""COMPUTED_VALUE"""),"✴️") -> ✴️ | N74: =IFERROR(__xludf.DUMMYFUNCTION("""COMPUTED_VALUE"""),"✴️") -> ✴️ | O74: =IFERROR(__xludf.DUMMYFUNCTION("""COMPUTED_VALUE"""),"➖") -> ➖ | P74: =IFERROR(__xludf.DUMMYFUNCTION("""COMPUTED_VALUE"""),"✴️") -> ✴️ | Q74: =IFERROR(__xludf.DUMMYFUNCTION("""COMPUTED_VALUE"""),"➖") -> ➖ | R74: =IFERROR(__xludf.DUMMYFUNCTION("""COMPUTED_VALUE""")," ➖") -> ➖ | S74: =IFERROR(__xludf.DUMMYFUNCTION("""COMPUTED_VALUE"""),"Romulan") -> Romulan | T74: =IFERROR(__xludf.DUMMYFUNCTION("""COMPUTED_VALUE"""),"➖") -> ➖ | U74: =IFERROR(__xludf.DUMMYFUNCTION("""COMPUTED_VALUE"""),"➖") -> ➖
D75: =IFERROR(__xludf.DUMMYFUNCTION("""COMPUTED_VALUE""")," R") -> R | E75: =IFERROR(__xludf.DUMMYFUNCTION("""COMPUTED_VALUE"""),"TAL") -> TAL | F75: =IFERROR(__xludf.DUMMYFUNCTION("""COMPUTED_VALUE"""),"CM") -> CM | G75: =IFERROR(__xludf.DUMMYFUNCTION("""COMPUTED_VALUE"""),"✴️") -> ✴️ | H75: =IFERROR(__xludf.DUMMYFUNCTION("""COMPUTED_VALUE"""),"✴️") -> ✴️ | I75: =IFERROR(__xludf.DUMMYFUNCTION("""COMPUTED_VALUE"""),"✴️") -> ✴️ | J75: =IFERROR(__xludf.DUMMYFUNCTION("""COMPUTED_VALUE"""),"✴️") -> ✴️ | K75: =IFERROR(__xludf.DUMMYFUNCTION("""COMPUTED_VALUE"""),"✴️") -> ✴️ | L75: =IFERROR(__xludf.DUMMYFUNCTION("""COMPUTED_VALUE"""),"✴️") -> ✴️ | M75: =IFERROR(__xludf.DUMMYFUNCTION("""COMPUTED_VALUE"""),"✴️") -> ✴️ | N75: =IFERROR(__xludf.DUMMYFUNCTION("""COMPUTED_VALUE"""),"✴️") -> ✴️ | ... Q75: =IFERROR(__xludf.DUMMYFUNCTION("""COMPUTED_VALUE"""),"✴️") -> ✴️ | R75: =IFERROR(__xludf.DUMMYFUNCTION("""COMPUTED_VALUE""")," ✴️") -> ✴️ | S75: =IFERROR(__xludf.DUMMYFUNCTION("""COMPUTED_VALUE"""),"EnemyBattleship") -> EnemyBattleship | T75: =IFERROR(__xludf.DUMMYFUNCTION("""COMPUTED_VALUE"""),"➖") -> ➖ | U75: =IFERROR(__xludf.DUMMYFUNCTION("""COMPUTED_VALUE"""),"➖") -> ➖
D76: =IFERROR(__xludf.DUMMYFUNCTION("""COMPUTED_VALUE""")," R") -> R | E76: =IFERROR(__xludf.DUMMYFUNCTION("""COMPUTED_VALUE"""),"TAL") -> TAL | F76: =IFERROR(__xludf.DUMMYFUNCTION("""COMPUTED_VALUE"""),"OA") -> OA | G76: =IFERROR(__xludf.DUMMYFUNCTION("""COMPUTED_VALUE"""),"✴️") -> ✴️ | H76: =IFERROR(__xludf.DUMMYFUNCTION("""COMPUTED_VALUE"""),"✴️") -> ✴️ | I76: =IFERROR(__xludf.DUMMYFUNCTION("""COMPUTED_VALUE"""),"✴️") -> ✴️ | J76: =IFERROR(__xludf.DUMMYFUNCTION("""COMPUTED_VALUE"""),"✴️") -> ✴️ | K76: =IFERROR(__xludf.DUMMYFUNCTION("""COMPUTED_VALUE"""),"➖") -> ➖ | L76: =IFERROR(__xludf.DUMMYFUNCTION("""COMPUTED_VALUE"""),"✴️") -> ✴️ | M76: =IFERROR(__xludf.DUMMYFUNCTION("""COMPUTED_VALUE"""),"➖") -> ➖ | N76: =IFERROR(__xludf.DUMMYFUNCTION("""COMPUTED_VALUE"""),"➖") -> ➖ | O76: =IFERROR(__xludf.DUMMYFUNCTION("""COMPUTED_VALUE"""),"➖") -> ➖ | P76: =IFERROR(__xludf.DUMMYFUNCTION("""COMPUTED_VALUE"""),"➖") -> ➖ | Q76: =IFERROR(__xludf.DUMMYFUNCTION("""COMPUTED_VALUE"""),"✴️") -> ✴️ | R76: =IFERROR(__xludf.DUMMYFUNCTION("""COMPUTED_VALUE""")," ✴️") -> ✴️ | S76: =IFERROR(__xludf.DUMMYFUNCTION("""COMPUTED_VALUE"""),"TargetMaxLevel, TargetHasBurning") -> TargetMaxLevel, TargetHasBurning | T76: =IFERROR(__xludf.DUMMYFUNCTION("""COMPUTED_VALUE"""),"➖") -> ➖ | U76: =IFERROR(__xludf.DUMMYFUNCTION("""COMPUTED_VALUE"""),"➖") -> ➖
D77: =IFERROR(__xludf.DUMMYFUNCTION("""COMPUTED_VALUE""")," U") -> U | E77: =IFERROR(__xludf.DUMMYFUNCTION("""COMPUTED_VALUE"""),"D'JAOKI") -> D'JAOKI | F77: =IFERROR(__xludf.DUMMYFUNCTION("""COMPUTED_VALUE"""),"CM") -> CM | G77: =IFERROR(__xludf.DUMMYFUNCTION("""COMPUTED_VALUE"""),"✅") -> ✅ | H77: =IFERROR(__xludf.DUMMYFUNCTION("""COMPUTED_VALUE"""),"✅") -> ✅ | I77: =IFERROR(__xludf.DUMMYFUNCTION("""COMPUTED_VALUE"""),"✅") -> ✅ | J77: =IFERROR(__xludf.DUMMYFUNCTION("""COMPUTED_VALUE"""),"✅") -> ✅ | K77: =IFERROR(__xludf.DUMMYFUNCTION("""COMPUTED_VALUE"""),"✅") -> ✅ | L77: =IFERROR(__xludf.DUMMYFUNCTION("""COMPUTED_VALUE"""),"✅") -> ✅ | M77: =IFERROR(__xludf.DUMMYFUNCTION("""COMPUTED_VALUE"""),"✅") -> ✅ | N77: =IFERROR(__xludf.DUMMYFUNCTION("""COMPUTED_VALUE"""),"✅") -> ✅ | ... Q77: =IFERROR(__xludf.DUMMYFUNCTION("""COMPUTED_VALUE"""),"✅") -> ✅ | R77: =IFERROR(__xludf.DUMMYFUNCTION("""COMPUTED_VALUE""")," ✅") -> ✅ | T77: =IFERROR(__xludf.DUMMYFUNCTION("""COMPUTED_VALUE"""),"➖") -> ➖ | U77: =IFERROR(__xludf.DUMMYFUNCTION("""COMPUTED_VALUE"""),"➖") -> ➖
D78: =IFERROR(__xludf.DUMMYFUNCTION("""COMPUTED_VALUE""")," U") -> U | E78: =IFERROR(__xludf.DUMMYFUNCTION("""COMPUTED_VALUE"""),"D'JAOKI") -> D'JAOKI | F78: =IFERROR(__xludf.DUMMYFUNCTION("""COMPUTED_VALUE"""),"OA") -> OA | G78: =IFERROR(__xludf.DUMMYFUNCTION("""COMPUTED_VALUE"""),"✴️") -> ✴️ | H78: =IFERROR(__xludf.DUMMYFUNCTION("""COMPUTED_VALUE"""),"✴️") -> ✴️ | I78: =IFERROR(__xludf.DUMMYFUNCTION("""COMPUTED_VALUE"""),"✴️") -> ✴️ | J78: =IFERROR(__xludf.DUMMYFUNCTION("""COMPUTED_VALUE"""),"✴️") -> ✴️ | K78: =IFERROR(__xludf.DUMMYFUNCTION("""COMPUTED_VALUE"""),"✴️") -> ✴️ | L78: =IFERROR(__xludf.DUMMYFUNCTION("""COMPUTED_VALUE"""),"✴️") -> ✴️ | M78: =IFERROR(__xludf.DUMMYFUNCTION("""COMPUTED_VALUE"""),"➖") -> ➖ | N78: =IFERROR(__xludf.DUMMYFUNCTION("""COMPUTED_VALUE"""),"➖") -> ➖ | O78: =IFERROR(__xludf.DUMMYFUNCTION("""COMPUTED_VALUE"""),"➖") -> ➖ | P78: =IFERROR(__xludf.DUMMYFUNCTION("""COMPUTED_VALUE"""),"➖") -> ➖ | Q78: =IFERROR(__xludf.DUMMYFUNCTION("""COMPUTED_VALUE"""),"✴️") -> ✴️ | R78: =IFERROR(__xludf.DUMMYFUNCTION("""COMPUTED_VALUE""")," ✴️") -> ✴️ | S78: =IFERROR(__xludf.DUMMYFUNCTION("""COMPUTED_VALUE"""),"TargetHasBurning") -> TargetHasBurning | T78: =IFERROR(__xludf.DUMMYFUNCTION("""COMPUTED_VALUE"""),"➖") -> ➖ | U78: =IFERROR(__xludf.DUMMYFUNCTION("""COMPUTED_VALUE"""),"➖") -> ➖
D79: =IFERROR(__xludf.DUMMYFUNCTION("""COMPUTED_VALUE""")," R") -> R | E79: =IFERROR(__xludf.DUMMYFUNCTION("""COMPUTED_VALUE"""),"KEENSER") -> KEENSER | F79: =IFERROR(__xludf.DUMMYFUNCTION("""COMPUTED_VALUE"""),"CM") -> CM | G79: =IFERROR(__xludf.DUMMYFUNCTION("""COMPUTED_VALUE"""),"➖") -> ➖ | H79: =IFERROR(__xludf.DUMMYFUNCTION("""COMPUTED_VALUE"""),"✅") -> ✅ | I79: =IFERROR(__xludf.DUMMYFUNCTION("""COMPUTED_VALUE"""),"➖") -> ➖ | J79: =IFERROR(__xludf.DUMMYFUNCTION("""COMPUTED_VALUE"""),"➖") -> ➖ | K79: =IFERROR(__xludf.DUMMYFUNCTION("""COMPUTED_VALUE"""),"➖") -> ➖ | L79: =IFERROR(__xludf.DUMMYFUNCTION("""COMPUTED_VALUE"""),"➖") -> ➖ | M79: =IFERROR(__xludf.DUMMYFUNCTION("""COMPUTED_VALUE"""),"➖") -> ➖ | N79: =IFERROR(__xludf.DUMMYFUNCTION("""COMPUTED_VALUE"""),"➖") -> ➖ | O79: =IFERROR(__xludf.DUMMYFUNCTION("""COMPUTED_VALUE"""),"➖") -> ➖ | P79: =IFERROR(__xludf.DUMMYFUNCTION("""COMPUTED_VALUE"""),"➖") -> ➖ | Q79: =IFERROR(__xludf.DUMMYFUNCTION("""COMPUTED_VALUE"""),"➖") -> ➖ | R79: =IFERROR(__xludf.DUMMYFUNCTION("""COMPUTED_VALUE""")," ➖") -> ➖ | T79: =IFERROR(__xludf.DUMMYFUNCTION("""COMPUTED_VALUE"""),"➖") -> ➖ | U79: =IFERROR(__xludf.DUMMYFUNCTION("""COMPUTED_VALUE"""),"➖") -> ➖
D80: =IFERROR(__xludf.DUMMYFUNCTION("""COMPUTED_VALUE""")," R") -> R | E80: =IFERROR(__xludf.DUMMYFUNCTION("""COMPUTED_VALUE"""),"KEENSER") -> KEENSER | F80: =IFERROR(__xludf.DUMMYFUNCTION("""COMPUTED_VALUE"""),"OA") -> OA | G80: =IFERROR(__xludf.DUMMYFUNCTION("""COMPUTED_VALUE"""),"➖") -> ➖ | H80: =IFERROR(__xludf.DUMMYFUNCTION("""COMPUTED_VALUE"""),"✅") -> ✅ | I80: =IFERROR(__xludf.DUMMYFUNCTION("""COMPUTED_VALUE"""),"➖") -> ➖ | J80: =IFERROR(__xludf.DUMMYFUNCTION("""COMPUTED_VALUE"""),"➖") -> ➖ | K80: =IFERROR(__xludf.DUMMYFUNCTION("""COMPUTED_VALUE"""),"➖") -> ➖ | L80: =IFERROR(__xludf.DUMMYFUNCTION("""COMPUTED_VALUE"""),"➖") -> ➖ | M80: =IFERROR(__xludf.DUMMYFUNCTION("""COMPUTED_VALUE"""),"➖") -> ➖ | N80: =IFERROR(__xludf.DUMMYFUNCTION("""COMPUTED_VALUE"""),"➖") -> ➖ | O80: =IFERROR(__xludf.DUMMYFUNCTION("""COMPUTED_VALUE"""),"➖") -> ➖ | P80: =IFERROR(__xludf.DUMMYFUNCTION("""COMPUTED_VALUE"""),"➖") -> ➖ | Q80: =IFERROR(__xludf.DUMMYFUNCTION("""COMPUTED_VALUE"""),"➖") -> ➖ | R80: =IFERROR(__xludf.DUMMYFUNCTION("""COMPUTED_VALUE""")," ➖") -> ➖ | T80: =IFERROR(__xludf.DUMMYFUNCTION("""COMPUTED_VALUE"""),"➖") -> ➖ | U80: =IFERROR(__xludf.DUMMYFUNCTION("""COMPUTED_VALUE"""),"➖") -> ➖
D81: =IFERROR(__xludf.DUMMYFUNCTION("""COMPUTED_VALUE""")," U") -> U | E81: =IFERROR(__xludf.DUMMYFUNCTION("""COMPUTED_VALUE"""),718.0) -> 718 | F81: =IFERROR(__xludf.DUMMYFUNCTION("""COMPUTED_VALUE"""),"CM") -> CM | G81: =IFERROR(__xludf.DUMMYFUNCTION("""COMPUTED_VALUE"""),"➖") -> ➖ | H81: =IFERROR(__xludf.DUMMYFUNCTION("""COMPUTED_VALUE"""),"✅") -> ✅ | I81: =IFERROR(__xludf.DUMMYFUNCTION("""COMPUTED_VALUE"""),"➖") -> ➖ | J81: =IFERROR(__xludf.DUMMYFUNCTION("""COMPUTED_VALUE"""),"➖") -> ➖ | K81: =IFERROR(__xludf.DUMMYFUNCTION("""COMPUTED_VALUE"""),"➖") -> ➖ | L81: =IFERROR(__xludf.DUMMYFUNCTION("""COMPUTED_VALUE"""),"➖") -> ➖ | M81: =IFERROR(__xludf.DUMMYFUNCTION("""COMPUTED_VALUE"""),"➖") -> ➖ | N81: =IFERROR(__xludf.DUMMYFUNCTION("""COMPUTED_VALUE"""),"➖") -> ➖ | O81: =IFERROR(__xludf.DUMMYFUNCTION("""COMPUTED_VALUE"""),"➖") -> ➖ | P81: =IFERROR(__xludf.DUMMYFUNCTION("""COMPUTED_VALUE"""),"➖") -> ➖ | Q81: =IFERROR(__xludf.DUMMYFUNCTION("""COMPUTED_VALUE"""),"➖") -> ➖ | R81: =IFERROR(__xludf.DUMMYFUNCTION("""COMPUTED_VALUE""")," ➖") -> ➖ | T81: =IFERROR(__xludf.DUMMYFUNCTION("""COMPUTED_VALUE"""),"➖") -> ➖ | U81: =IFERROR(__xludf.DUMMYFUNCTION("""COMPUTED_VALUE"""),"➖") -> ➖
D82: =IFERROR(__xludf.DUMMYFUNCTION("""COMPUTED_VALUE""")," U") -> U | E82: =IFERROR(__xludf.DUMMYFUNCTION("""COMPUTED_VALUE"""),718.0) -> 718 | F82: =IFERROR(__xludf.DUMMYFUNCTION("""COMPUTED_VALUE"""),"OA") -> OA | G82: =IFERROR(__xludf.DUMMYFUNCTION("""COMPUTED_VALUE"""),"✅") -> ✅ | H82: =IFERROR(__xludf.DUMMYFUNCTION("""COMPUTED_VALUE"""),"✅") -> ✅ | I82: =IFERROR(__xludf.DUMMYFUNCTION("""COMPUTED_VALUE"""),"✅") -> ✅ | J82: =IFERROR(__xludf.DUMMYFUNCTION("""COMPUTED_VALUE"""),"✅") -> ✅ | K82: =IFERROR(__xludf.DUMMYFUNCTION("""COMPUTED_VALUE"""),"✅") -> ✅ | L82: =IFERROR(__xludf.DUMMYFUNCTION("""COMPUTED_VALUE"""),"✅") -> ✅ | M82: =IFERROR(__xludf.DUMMYFUNCTION("""COMPUTED_VALUE"""),"✅") -> ✅ | N82: =IFERROR(__xludf.DUMMYFUNCTION("""COMPUTED_VALUE"""),"✅") -> ✅ | ... Q82: =IFERROR(__xludf.DUMMYFUNCTION("""COMPUTED_VALUE"""),"✅") -> ✅ | R82: =IFERROR(__xludf.DUMMYFUNCTION("""COMPUTED_VALUE""")," ✅") -> ✅ | T82: =IFERROR(__xludf.DUMMYFUNCTION("""COMPUTED_VALUE"""),"➖") -> ➖ | U82: =IFERROR(__xludf.DUMMYFUNCTION("""COMPUTED_VALUE"""),"➖") -> ➖
D83: =IFERROR(__xludf.DUMMYFUNCTION("""COMPUTED_VALUE""")," E") -> E | E83: =IFERROR(__xludf.DUMMYFUNCTION("""COMPUTED_VALUE"""),"MITCHELL") -> MITCHELL | F83: =IFERROR(__xludf.DUMMYFUNCTION("""COMPUTED_VALUE"""),"CM") -> CM | G83: =IFERROR(__xludf.DUMMYFUNCTION("""COMPUTED_VALUE"""),"➖") -> ➖ | H83: =IFERROR(__xludf.DUMMYFUNCTION("""COMPUTED_VALUE"""),"✅") -> ✅ | I83: =IFERROR(__xludf.DUMMYFUNCTION("""COMPUTED_VALUE"""),"➖") -> ➖ | J83: =IFERROR(__xludf.DUMMYFUNCTION("""COMPUTED_VALUE"""),"➖") -> ➖ | K83: =IFERROR(__xludf.DUMMYFUNCTION("""COMPUTED_VALUE"""),"➖") -> ➖ | L83: =IFERROR(__xludf.DUMMYFUNCTION("""COMPUTED_VALUE"""),"➖") -> ➖ | M83: =IFERROR(__xludf.DUMMYFUNCTION("""COMPUTED_VALUE"""),"➖") -> ➖ | N83: =IFERROR(__xludf.DUMMYFUNCTION("""COMPUTED_VALUE"""),"➖") -> ➖ | O83: =IFERROR(__xludf.DUMMYFUNCTION("""COMPUTED_VALUE"""),"➖") -> ➖ | P83: =IFERROR(__xludf.DUMMYFUNCTION("""COMPUTED_VALUE"""),"➖") -> ➖ | Q83: =IFERROR(__xludf.DUMMYFUNCTION("""COMPUTED_VALUE"""),"➖") -> ➖ | R83: =IFERROR(__xludf.DUMMYFUNCTION("""COMPUTED_VALUE""")," ➖") -> ➖ | T83: =IFERROR(__xludf.DUMMYFUNCTION("""COMPUTED_VALUE"""),"➖") -> ➖ | U83: =IFERROR(__xludf.DUMMYFUNCTION("""COMPUTED_VALUE"""),"➖") -> ➖
D84: =IFERROR(__xludf.DUMMYFUNCTION("""COMPUTED_VALUE""")," E") -> E | E84: =IFERROR(__xludf.DUMMYFUNCTION("""COMPUTED_VALUE"""),"MITCHELL") -> MITCHELL | F84: =IFERROR(__xludf.DUMMYFUNCTION("""COMPUTED_VALUE"""),"OA") -> OA | G84: =IFERROR(__xludf.DUMMYFUNCTION("""COMPUTED_VALUE"""),"✅") -> ✅ | H84: =IFERROR(__xludf.DUMMYFUNCTION("""COMPUTED_VALUE"""),"✅") -> ✅ | I84: =IFERROR(__xludf.DUMMYFUNCTION("""COMPUTED_VALUE"""),"✅") -> ✅ | J84: =IFERROR(__xludf.DUMMYFUNCTION("""COMPUTED_VALUE"""),"✅") -> ✅ | K84: =IFERROR(__xludf.DUMMYFUNCTION("""COMPUTED_VALUE"""),"✅") -> ✅ | L84: =IFERROR(__xludf.DUMMYFUNCTION("""COMPUTED_VALUE"""),"✅") -> ✅ | M84: =IFERROR(__xludf.DUMMYFUNCTION("""COMPUTED_VALUE"""),"✅") -> ✅ | N84: =IFERROR(__xludf.DUMMYFUNCTION("""COMPUTED_VALUE"""),"✅") -> ✅ | ... Q84: =IFERROR(__xludf.DUMMYFUNCTION("""COMPUTED_VALUE"""),"✅") -> ✅ | R84: =IFERROR(__xludf.DUMMYFUNCTION("""COMPUTED_VALUE""")," ✅") -> ✅ | T84: =IFERROR(__xludf.DUMMYFUNCTION("""COMPUTED_VALUE"""),"➖") -> ➖ | U84: =IFERROR(__xludf.DUMMYFUNCTION("""COMPUTED_VALUE"""),"➖") -> ➖
D85: =IFERROR(__xludf.DUMMYFUNCTION("""COMPUTED_VALUE""")," C") -> C | E85: =IFERROR(__xludf.DUMMYFUNCTION("""COMPUTED_VALUE"""),"KOMAL") -> KOMAL | F85: =IFERROR(__xludf.DUMMYFUNCTION("""COMPUTED_VALUE"""),"CM") -> CM | G85: =IFERROR(__xludf.DUMMYFUNCTION("""COMPUTED_VALUE"""),"✴️") -> ✴️ | H85: =IFERROR(__xludf.DUMMYFUNCTION("""COMPUTED_VALUE"""),"✴️") -> ✴️ | I85: =IFERROR(__xludf.DUMMYFUNCTION("""COMPUTED_VALUE"""),"➖") -> ➖ | J85: =IFERROR(__xludf.DUMMYFUNCTION("""COMPUTED_VALUE"""),"➖") -> ➖ | K85: =IFERROR(__xludf.DUMMYFUNCTION("""COMPUTED_VALUE"""),"➖") -> ➖ | L85: =IFERROR(__xludf.DUMMYFUNCTION("""COMPUTED_VALUE"""),"➖") -> ➖ | M85: =IFERROR(__xludf.DUMMYFUNCTION("""COMPUTED_VALUE"""),"➖") -> ➖ | N85: =IFERROR(__xludf.DUMMYFUNCTION("""COMPUTED_VALUE"""),"➖") -> ➖ | O85: =IFERROR(__xludf.DUMMYFUNCTION("""COMPUTED_VALUE"""),"➖") -> ➖ | P85: =IFERROR(__xludf.DUMMYFUNCTION("""COMPUTED_VALUE"""),"➖") -> ➖ | Q85: =IFERROR(__xludf.DUMMYFUNCTION("""COMPUTED_VALUE"""),"➖") -> ➖ | R85: =IFERROR(__xludf.DUMMYFUNCTION("""COMPUTED_VALUE""")," ➖") -> ➖ | S85: =IFERROR(__xludf.DUMMYFUNCTION("""COMPUTED_VALUE"""),"SelfBattleship") -> SelfBattleship | T85: =IFERROR(__xludf.DUMMYFUNCTION("""COMPUTED_VALUE"""),"➖") -> ➖ | U85: =IFERROR(__xludf.DUMMYFUNCTION("""COMPUTED_VALUE"""),"➖") -> ➖
D86: =IFERROR(__xludf.DUMMYFUNCTION("""COMPUTED_VALUE""")," C") -> C | E86: =IFERROR(__xludf.DUMMYFUNCTION("""COMPUTED_VALUE"""),"KOMAL") -> KOMAL | F86: =IFERROR(__xludf.DUMMYFUNCTION("""COMPUTED_VALUE"""),"OA") -> OA | G86: =IFERROR(__xludf.DUMMYFUNCTION("""COMPUTED_VALUE"""),"✴️") -> ✴️ | H86: =IFERROR(__xludf.DUMMYFUNCTION("""COMPUTED_VALUE"""),"✴️") -> ✴️ | I86: =IFERROR(__xludf.DUMMYFUNCTION("""COMPUTED_VALUE"""),"➖") -> ➖ | J86: =IFERROR(__xludf.DUMMYFUNCTION("""COMPUTED_VALUE"""),"➖") -> ➖ | K86: =IFERROR(__xludf.DUMMYFUNCTION("""COMPUTED_VALUE"""),"➖") -> ➖ | L86: =IFERROR(__xludf.DUMMYFUNCTION("""COMPUTED_VALUE"""),"➖") -> ➖ | M86: =IFERROR(__xludf.DUMMYFUNCTION("""COMPUTED_VALUE"""),"➖") -> ➖ | N86: =IFERROR(__xludf.DUMMYFUNCTION("""COMPUTED_VALUE"""),"➖") -> ➖ | O86: =IFERROR(__xludf.DUMMYFUNCTION("""COMPUTED_VALUE"""),"➖") -> ➖ | P86: =IFERROR(__xludf.DUMMYFUNCTION("""COMPUTED_VALUE"""),"➖") -> ➖ | Q86: =IFERROR(__xludf.DUMMYFUNCTION("""COMPUTED_VALUE"""),"➖") -> ➖ | R86: =IFERROR(__xludf.DUMMYFUNCTION("""COMPUTED_VALUE""")," ➖") -> ➖ | S86: =IFERROR(__xludf.DUMMYFUNCTION("""COMPUTED_VALUE"""),"ModuleKinetic") -> ModuleKinetic | T86: =IFERROR(__xludf.DUMMYFUNCTION("""COMPUTED_VALUE"""),"➖") -> ➖ | U86: =IFERROR(__xludf.DUMMYFUNCTION("""COMPUTED_VALUE"""),"➖") -> ➖
D87: =IFERROR(__xludf.DUMMYFUNCTION("""COMPUTED_VALUE""")," C") -> C | E87: =IFERROR(__xludf.DUMMYFUNCTION("""COMPUTED_VALUE"""),"VARTOQ") -> VARTOQ | F87: =IFERROR(__xludf.DUMMYFUNCTION("""COMPUTED_VALUE"""),"CM") -> CM | G87: =IFERROR(__xludf.DUMMYFUNCTION("""COMPUTED_VALUE"""),"✴️") -> ✴️ | H87: =IFERROR(__xludf.DUMMYFUNCTION("""COMPUTED_VALUE"""),"✴️") -> ✴️ | I87: =IFERROR(__xludf.DUMMYFUNCTION("""COMPUTED_VALUE"""),"➖") -> ➖ | J87: =IFERROR(__xludf.DUMMYFUNCTION("""COMPUTED_VALUE"""),"➖") -> ➖ | K87: =IFERROR(__xludf.DUMMYFUNCTION("""COMPUTED_VALUE"""),"➖") -> ➖ | L87: =IFERROR(__xludf.DUMMYFUNCTION("""COMPUTED_VALUE"""),"➖") -> ➖ | M87: =IFERROR(__xludf.DUMMYFUNCTION("""COMPUTED_VALUE"""),"➖") -> ➖ | N87: =IFERROR(__xludf.DUMMYFUNCTION("""COMPUTED_VALUE"""),"➖") -> ➖ | O87: =IFERROR(__xludf.DUMMYFUNCTION("""COMPUTED_VALUE"""),"➖") -> ➖ | P87: =IFERROR(__xludf.DUMMYFUNCTION("""COMPUTED_VALUE"""),"➖") -> ➖ | Q87: =IFERROR(__xludf.DUMMYFUNCTION("""COMPUTED_VALUE"""),"➖") -> ➖ | R87: =IFERROR(__xludf.DUMMYFUNCTION("""COMPUTED_VALUE""")," ➖") -> ➖ | S87: =IFERROR(__xludf.DUMMYFUNCTION("""COMPUTED_VALUE"""),"SelfInterceptor") -> SelfInterceptor | T87: =IFERROR(__xludf.DUMMYFUNCTION("""COMPUTED_VALUE"""),"➖") -> ➖ | U87: =IFERROR(__xludf.DUMMYFUNCTION("""COMPUTED_VALUE"""),"➖") -> ➖
D88: =IFERROR(__xludf.DUMMYFUNCTION("""COMPUTED_VALUE""")," C") -> C | E88: =IFERROR(__xludf.DUMMYFUNCTION("""COMPUTED_VALUE"""),"VARTOQ") -> VARTOQ | F88: =IFERROR(__xludf.DUMMYFUNCTION("""COMPUTED_VALUE"""),"OA") -> OA | G88: =IFERROR(__xludf.DUMMYFUNCTION("""COMPUTED_VALUE"""),"✴️") -> ✴️ | H88: =IFERROR(__xludf.DUMMYFUNCTION("""COMPUTED_VALUE"""),"✴️") -> ✴️ | I88: =IFERROR(__xludf.DUMMYFUNCTION("""COMPUTED_VALUE"""),"➖") -> ➖ | J88: =IFERROR(__xludf.DUMMYFUNCTION("""COMPUTED_VALUE"""),"➖") -> ➖ | K88: =IFERROR(__xludf.DUMMYFUNCTION("""COMPUTED_VALUE"""),"➖") -> ➖ | L88: =IFERROR(__xludf.DUMMYFUNCTION("""COMPUTED_VALUE"""),"➖") -> ➖ | M88: =IFERROR(__xludf.DUMMYFUNCTION("""COMPUTED_VALUE"""),"➖") -> ➖ | N88: =IFERROR(__xludf.DUMMYFUNCTION("""COMPUTED_VALUE"""),"➖") -> ➖ | O88: =IFERROR(__xludf.DUMMYFUNCTION("""COMPUTED_VALUE"""),"➖") -> ➖ | P88: =IFERROR(__xludf.DUMMYFUNCTION("""COMPUTED_VALUE"""),"➖") -> ➖ | Q88: =IFERROR(__xludf.DUMMYFUNCTION("""COMPUTED_VALUE"""),"➖") -> ➖ | R88: =IFERROR(__xludf.DUMMYFUNCTION("""COMPUTED_VALUE""")," ➖") -> ➖ | S88: =IFERROR(__xludf.DUMMYFUNCTION("""COMPUTED_VALUE"""),"ModuleKinetic") -> ModuleKinetic | T88: =IFERROR(__xludf.DUMMYFUNCTION("""COMPUTED_VALUE"""),"➖") -> ➖ | U88: =IFERROR(__xludf.DUMMYFUNCTION("""COMPUTED_VALUE"""),"➖") -> ➖
D89: =IFERROR(__xludf.DUMMYFUNCTION("""COMPUTED_VALUE""")," C") -> C | E89: =IFERROR(__xludf.DUMMYFUNCTION("""COMPUTED_VALUE"""),"RUKOR") -> RUKOR | F89: =IFERROR(__xludf.DUMMYFUNCTION("""COMPUTED_VALUE"""),"CM") -> CM | G89: =IFERROR(__xludf.DUMMYFUNCTION("""COMPUTED_VALUE"""),"✴️") -> ✴️ | H89: =IFERROR(__xludf.DUMMYFUNCTION("""COMPUTED_VALUE"""),"✴️") -> ✴️ | I89: =IFERROR(__xludf.DUMMYFUNCTION("""COMPUTED_VALUE"""),"➖") -> ➖ | J89: =IFERROR(__xludf.DUMMYFUNCTION("""COMPUTED_VALUE"""),"➖") -> ➖ | K89: =IFERROR(__xludf.DUMMYFUNCTION("""COMPUTED_VALUE"""),"➖") -> ➖ | L89: =IFERROR(__xludf.DUMMYFUNCTION("""COMPUTED_VALUE"""),"➖") -> ➖ | M89: =IFERROR(__xludf.DUMMYFUNCTION("""COMPUTED_VALUE"""),"➖") -> ➖ | N89: =IFERROR(__xludf.DUMMYFUNCTION("""COMPUTED_VALUE"""),"➖") -> ➖ | O89: =IFERROR(__xludf.DUMMYFUNCTION("""COMPUTED_VALUE"""),"➖") -> ➖ | P89: =IFERROR(__xludf.DUMMYFUNCTION("""COMPUTED_VALUE"""),"➖") -> ➖ | Q89: =IFERROR(__xludf.DUMMYFUNCTION("""COMPUTED_VALUE"""),"➖") -> ➖ | R89: =IFERROR(__xludf.DUMMYFUNCTION("""COMPUTED_VALUE""")," ➖") -> ➖ | S89: =IFERROR(__xludf.DUMMYFUNCTION("""COMPUTED_VALUE"""),"SelfExplorer") -> SelfExplorer | T89: =IFERROR(__xludf.DUMMYFUNCTION("""COMPUTED_VALUE"""),"➖") -> ➖ | U89: =IFERROR(__xludf.DUMMYFUNCTION("""COMPUTED_VALUE"""),"➖") -> ➖
D90: =IFERROR(__xludf.DUMMYFUNCTION("""COMPUTED_VALUE""")," C") -> C | E90: =IFERROR(__xludf.DUMMYFUNCTION("""COMPUTED_VALUE"""),"RUKOR") -> RUKOR | F90: =IFERROR(__xludf.DUMMYFUNCTION("""COMPUTED_VALUE"""),"OA") -> OA | G90: =IFERROR(__xludf.DUMMYFUNCTION("""COMPUTED_VALUE"""),"✴️") -> ✴️ | H90: =IFERROR(__xludf.DUMMYFUNCTION("""COMPUTED_VALUE"""),"✴️") -> ✴️ | I90: =IFERROR(__xludf.DUMMYFUNCTION("""COMPUTED_VALUE"""),"➖") -> ➖ | J90: =IFERROR(__xludf.DUMMYFUNCTION("""COMPUTED_VALUE"""),"➖") -> ➖ | K90: =IFERROR(__xludf.DUMMYFUNCTION("""COMPUTED_VALUE"""),"➖") -> ➖ | L90: =IFERROR(__xludf.DUMMYFUNCTION("""COMPUTED_VALUE"""),"➖") -> ➖ | M90: =IFERROR(__xludf.DUMMYFUNCTION("""COMPUTED_VALUE"""),"➖") -> ➖ | N90: =IFERROR(__xludf.DUMMYFUNCTION("""COMPUTED_VALUE"""),"➖") -> ➖ | O90: =IFERROR(__xludf.DUMMYFUNCTION("""COMPUTED_VALUE"""),"➖") -> ➖ | P90: =IFERROR(__xludf.DUMMYFUNCTION("""COMPUTED_VALUE"""),"➖") -> ➖ | Q90: =IFERROR(__xludf.DUMMYFUNCTION("""COMPUTED_VALUE"""),"➖") -> ➖ | R90: =IFERROR(__xludf.DUMMYFUNCTION("""COMPUTED_VALUE""")," ➖") -> ➖ | S90: =IFERROR(__xludf.DUMMYFUNCTION("""COMPUTED_VALUE"""),"ModuleEnergy") -> ModuleEnergy | T90: =IFERROR(__xludf.DUMMYFUNCTION("""COMPUTED_VALUE"""),"➖") -> ➖ | U90: =IFERROR(__xludf.DUMMYFUNCTION("""COMPUTED_VALUE"""),"➖") -> ➖
D91: =IFERROR(__xludf.DUMMYFUNCTION("""COMPUTED_VALUE""")," C") -> C | E91: =IFERROR(__xludf.DUMMYFUNCTION("""COMPUTED_VALUE"""),"DARWIN") -> DARWIN | F91: =IFERROR(__xludf.DUMMYFUNCTION("""COMPUTED_VALUE"""),"CM") -> CM | G91: =IFERROR(__xludf.DUMMYFUNCTION("""COMPUTED_VALUE"""),"✅") -> ✅ | H91: =IFERROR(__xludf.DUMMYFUNCTION("""COMPUTED_VALUE"""),"✅") -> ✅ | I91: =IFERROR(__xludf.DUMMYFUNCTION("""COMPUTED_VALUE"""),"➖") -> ➖ | J91: =IFERROR(__xludf.DUMMYFUNCTION("""COMPUTED_VALUE"""),"➖") -> ➖ | K91: =IFERROR(__xludf.DUMMYFUNCTION("""COMPUTED_VALUE"""),"➖") -> ➖ | L91: =IFERROR(__xludf.DUMMYFUNCTION("""COMPUTED_VALUE"""),"➖") -> ➖ | M91: =IFERROR(__xludf.DUMMYFUNCTION("""COMPUTED_VALUE"""),"➖") -> ➖ | N91: =IFERROR(__xludf.DUMMYFUNCTION("""COMPUTED_VALUE"""),"➖") -> ➖ | O91: =IFERROR(__xludf.DUMMYFUNCTION("""COMPUTED_VALUE"""),"➖") -> ➖ | P91: =IFERROR(__xludf.DUMMYFUNCTION("""COMPUTED_VALUE"""),"➖") -> ➖ | Q91: =IFERROR(__xludf.DUMMYFUNCTION("""COMPUTED_VALUE"""),"➖") -> ➖ | R91: =IFERROR(__xludf.DUMMYFUNCTION("""COMPUTED_VALUE""")," ➖") -> ➖ | T91: =IFERROR(__xludf.DUMMYFUNCTION("""COMPUTED_VALUE"""),"➖") -> ➖ | U91: =IFERROR(__xludf.DUMMYFUNCTION("""COMPUTED_VALUE"""),"➖") -> ➖
D92: =IFERROR(__xludf.DUMMYFUNCTION("""COMPUTED_VALUE""")," C") -> C | E92: =IFERROR(__xludf.DUMMYFUNCTION("""COMPUTED_VALUE"""),"DARWIN") -> DARWIN | F92: =IFERROR(__xludf.DUMMYFUNCTION("""COMPUTED_VALUE"""),"OA") -> OA | G92: =IFERROR(__xludf.DUMMYFUNCTION("""COMPUTED_VALUE"""),"➖") -> ➖ | H92: =IFERROR(__xludf.DUMMYFUNCTION("""COMPUTED_VALUE"""),"➖") -> ➖ | I92: =IFERROR(__xludf.DUMMYFUNCTION("""COMPUTED_VALUE"""),"➖") -> ➖ | J92: =IFERROR(__xludf.DUMMYFUNCTION("""COMPUTED_VALUE"""),"➖") -> ➖ | K92: =IFERROR(__xludf.DUMMYFUNCTION("""COMPUTED_VALUE"""),"➖") -> ➖ | L92: =IFERROR(__xludf.DUMMYFUNCTION("""COMPUTED_VALUE"""),"➖") -> ➖ | M92: =IFERROR(__xludf.DUMMYFUNCTION("""COMPUTED_VALUE"""),"➖") -> ➖ | N92: =IFERROR(__xludf.DUMMYFUNCTION("""COMPUTED_VALUE"""),"➖") -> ➖ | ... Q92: =IFERROR(__xludf.DUMMYFUNCTION("""COMPUTED_VALUE"""),"➖") -> ➖ | R92: =IFERROR(__xludf.DUMMYFUNCTION("""COMPUTED_VALUE""")," ➖") -> ➖ | T92: =IFERROR(__xludf.DUMMYFUNCTION("""COMPUTED_VALUE"""),"➖") -> ➖ | U92: =IFERROR(__xludf.DUMMYFUNCTION("""COMPUTED_VALUE"""),"✅") -> ✅
D93: =IFERROR(__xludf.DUMMYFUNCTION("""COMPUTED_VALUE""")," U") -> U | E93: =IFERROR(__xludf.DUMMYFUNCTION("""COMPUTED_VALUE"""),"LESLIE") -> LESLIE | F93: =IFERROR(__xludf.DUMMYFUNCTION("""COMPUTED_VALUE"""),"CM") -> CM | G93: =IFERROR(__xludf.DUMMYFUNCTION("""COMPUTED_VALUE"""),"✴️") -> ✴️ | H93: =IFERROR(__xludf.DUMMYFUNCTION("""COMPUTED_VALUE"""),"✴️") -> ✴️ | I93: =IFERROR(__xludf.DUMMYFUNCTION("""COMPUTED_VALUE"""),"✴️") -> ✴️ | J93: =IFERROR(__xludf.DUMMYFUNCTION("""COMPUTED_VALUE"""),"✴️") -> ✴️ | K93: =IFERROR(__xludf.DUMMYFUNCTION("""COMPUTED_VALUE"""),"✴️") -> ✴️ | L93: =IFERROR(__xludf.DUMMYFUNCTION("""COMPUTED_VALUE"""),"✴️") -> ✴️ | M93: =IFERROR(__xludf.DUMMYFUNCTION("""COMPUTED_VALUE"""),"✴️") -> ✴️ | N93: =IFERROR(__xludf.DUMMYFUNCTION("""COMPUTED_VALUE"""),"✴️") -> ✴️ | ... Q93: =IFERROR(__xludf.DUMMYFUNCTION("""COMPUTED_VALUE"""),"✴️") -> ✴️ | R93: =IFERROR(__xludf.DUMMYFUNCTION("""COMPUTED_VALUE""")," ✴️") -> ✴️ | S93: =IFERROR(__xludf.DUMMYFUNCTION("""COMPUTED_VALUE"""),"HullHealthBelowStartOfCombat") -> HullHealthBelowStartOfCombat | T93: =IFERROR(__xludf.DUMMYFUNCTION("""COMPUTED_VALUE"""),"➖") -> ➖ | U93: =IFERROR(__xludf.DUMMYFUNCTION("""COMPUTED_VALUE"""),"➖") -> ➖
D94: =IFERROR(__xludf.DUMMYFUNCTION("""COMPUTED_VALUE""")," U") -> U | E94: =IFERROR(__xludf.DUMMYFUNCTION("""COMPUTED_VALUE"""),"LESLIE") -> LESLIE | F94: =IFERROR(__xludf.DUMMYFUNCTION("""COMPUTED_VALUE"""),"OA") -> OA | G94: =IFERROR(__xludf.DUMMYFUNCTION("""COMPUTED_VALUE"""),"➖") -> ➖ | H94: =IFERROR(__xludf.DUMMYFUNCTION("""COMPUTED_VALUE"""),"➖") -> ➖ | I94: =IFERROR(__xludf.DUMMYFUNCTION("""COMPUTED_VALUE"""),"➖") -> ➖ | J94: =IFERROR(__xludf.DUMMYFUNCTION("""COMPUTED_VALUE"""),"➖") -> ➖ | K94: =IFERROR(__xludf.DUMMYFUNCTION("""COMPUTED_VALUE"""),"➖") -> ➖ | L94: =IFERROR(__xludf.DUMMYFUNCTION("""COMPUTED_VALUE"""),"➖") -> ➖ | M94: =IFERROR(__xludf.DUMMYFUNCTION("""COMPUTED_VALUE"""),"➖") -> ➖ | N94: =IFERROR(__xludf.DUMMYFUNCTION("""COMPUTED_VALUE"""),"➖") -> ➖ | ... Q94: =IFERROR(__xludf.DUMMYFUNCTION("""COMPUTED_VALUE"""),"➖") -> ➖ | R94: =IFERROR(__xludf.DUMMYFUNCTION("""COMPUTED_VALUE""")," ➖") -> ➖ | T94: =IFERROR(__xludf.DUMMYFUNCTION("""COMPUTED_VALUE"""),"➖") -> ➖ | U94: =IFERROR(__xludf.DUMMYFUNCTION("""COMPUTED_VALUE"""),"✅") -> ✅
